-- MySQL dump 10.16  Distrib 10.2.13-MariaDB, for Linux (x86_64)
--
-- Host: localhost    Database: php8_tips
-- ------------------------------------------------------
-- Server version	10.2.13-MariaDB

/*!40101 SET @OLD_CHARACTER_SET_CLIENT=@@CHARACTER_SET_CLIENT */;
/*!40101 SET @OLD_CHARACTER_SET_RESULTS=@@CHARACTER_SET_RESULTS */;
/*!40101 SET @OLD_COLLATION_CONNECTION=@@COLLATION_CONNECTION */;
/*!40101 SET NAMES utf8 */;
/*!40103 SET @OLD_TIME_ZONE=@@TIME_ZONE */;
/*!40103 SET TIME_ZONE='+00:00' */;
/*!40014 SET @OLD_UNIQUE_CHECKS=@@UNIQUE_CHECKS, UNIQUE_CHECKS=0 */;
/*!40014 SET @OLD_FOREIGN_KEY_CHECKS=@@FOREIGN_KEY_CHECKS, FOREIGN_KEY_CHECKS=0 */;
/*!40101 SET @OLD_SQL_MODE=@@SQL_MODE, SQL_MODE='NO_AUTO_VALUE_ON_ZERO' */;
/*!40111 SET @OLD_SQL_NOTES=@@SQL_NOTES, SQL_NOTES=0 */;

--
-- Table structure for table `events`
--

DROP TABLE IF EXISTS `events`;
/*!40101 SET @saved_cs_client     = @@character_set_client */;
/*!40101 SET character_set_client = utf8 */;
CREATE TABLE `events` (
  `id` int(8) NOT NULL AUTO_INCREMENT,
  `event_key` char(16) CHARACTER SET utf8 COLLATE utf8_unicode_ci DEFAULT NULL,
  `event_name` varchar(128) CHARACTER SET utf8 COLLATE utf8_unicode_ci DEFAULT NULL,
  `event_date` datetime DEFAULT NULL,
  `hotel_id` int(11) DEFAULT NULL,
  PRIMARY KEY (`id`),
  KEY `IDX_5387574A3243BB18` (`hotel_id`),
  CONSTRAINT `FK_5387574A3243BB18` FOREIGN KEY (`hotel_id`) REFERENCES `hotels` (`id`)
) ENGINE=InnoDB AUTO_INCREMENT=252 DEFAULT CHARSET=latin1;
/*!40101 SET character_set_client = @saved_cs_client */;

--
-- Dumping data for table `events`
--

LOCK TABLES `events` WRITE;
/*!40000 ALTER TABLE `events` DISABLE KEYS */;
INSERT INTO `events` VALUES (152,'FLO-RES-YR-406','Flower Research Summit','2020-11-14 00:00:00',38),(153,'CON-PRO-WQ-145','Conservation Promotion Symposium','2021-02-15 00:00:00',33),(154,'WIN-IND-HP-573','Wind Power Industry Meeting','2020-02-22 00:00:00',28),(155,'TRE-PRO-DF-540','Tree Promotion Meeting','2021-02-28 00:00:00',80),(156,'SOL-BEN-CF-927','Solar Energy Benefit Symposium','2021-05-12 00:00:00',2),(157,'SOL-LOV-KV-312','Solar Energy Lovers Summit','2021-03-22 00:00:00',68),(158,'TRE-BEN-UC-744','Tree Benefit Summit','2021-03-19 00:00:00',20),(159,'FLO-BEN-ZR-446','Flower Benefit Symposium','2021-09-23 00:00:00',52),(160,'HOR-IND-QM-995','Horticulture Industry Showcase','2021-02-27 00:00:00',18),(161,'WIN-LOV-EE-283','Wind Power Lovers Seminar','2021-08-22 00:00:00',18),(162,'WIN-LOV-FU-479','Wind Power Lovers Event','2021-12-13 00:00:00',94),(163,'SOL-IND-OY-879','Solar Energy Industry Show','2020-04-27 00:00:00',89),(164,'WIN-IND-WR-945','Wind Power Industry Seminar','2020-11-12 00:00:00',49),(165,'HOR-RES-XQ-513','Horticulture Research Meeting','2020-06-17 00:00:00',61),(166,'WIN-BEN-AE-715','Wind Power Benefit Meeting','2021-03-12 00:00:00',41),(167,'CAT-RES-JU-612','Cat Research Showcase','2020-02-14 00:00:00',60),(168,'CAT-PRO-YN-538','Cat Promotion Show','2020-03-08 00:00:00',4),(169,'DOG-LOV-RC-885','Dog Lovers Seminar','2020-02-12 00:00:00',50),(170,'FLO-PRO-NP-402','Flower Promotion Conference','2021-11-10 00:00:00',38),(171,'CON-IND-NC-479','Conservation Industry Show','2021-07-10 00:00:00',86),(172,'HOR-RES-ZH-305','Horticulture Research Meeting','2020-05-01 00:00:00',54),(173,'TRE-LOV-YL-643','Tree Lovers Summit','2021-06-08 00:00:00',82),(174,'GRE-BEN-XB-676','Green Energy Benefit Showcase','2020-04-29 00:00:00',42),(175,'GRE-RES-RJ-551','Green Energy Research Showcase','2020-03-13 00:00:00',90),(176,'CAT-LOV-WU-329','Cat Lovers Show','2020-04-02 00:00:00',48),(177,'CON-LOV-RB-770','Conservation Lovers Meeting','2021-08-27 00:00:00',7),(178,'HOR-PRO-QT-891','Horticulture Promotion Seminar','2021-03-06 00:00:00',81),(179,'HOR-RES-MC-951','Horticulture Research Event','2021-08-23 00:00:00',81),(180,'HOR-RES-PL-247','Horticulture Research Showcase','2020-12-17 00:00:00',54),(181,'DOG-LOV-KZ-437','Dog Lovers Symposium','2021-04-20 00:00:00',51),(182,'DOG-BEN-YQ-576','Dog Benefit Summit','2021-03-16 00:00:00',46),(183,'CAT-BEN-DQ-222','Cat Benefit Symposium','2021-06-07 00:00:00',78),(184,'DOG-IND-MG-583','Dog Industry Showcase','2020-10-26 00:00:00',76),(185,'DOG-BEN-JR-577','Dog Benefit Show','2021-06-26 00:00:00',48),(186,'DOG-IND-EN-920','Dog Industry Showcase','2021-05-15 00:00:00',54),(187,'WIN-LOV-ZZ-132','Wind Power Lovers Meeting','2020-10-30 00:00:00',18),(188,'CAT-PRO-BM-255','Cat Promotion Show','2021-02-25 00:00:00',19),(189,'DOG-PRO-LV-166','Dog Promotion Showcase','2021-09-08 00:00:00',12),(190,'GRE-LOV-DZ-698','Green Energy Lovers Seminar','2020-09-26 00:00:00',81),(191,'CON-LOV-BP-626','Conservation Lovers Conference','2020-09-09 00:00:00',47),(192,'TRE-IND-AN-342','Tree Industry Seminar','2021-04-09 00:00:00',28),(193,'WIN-LOV-CC-126','Wind Power Lovers Seminar','2020-04-19 00:00:00',18),(194,'DOG-LOV-OT-300','Dog Lovers Show','2021-11-06 00:00:00',7),(195,'TRE-BEN-XK-632','Tree Benefit Event','2021-04-17 00:00:00',60),(196,'DOG-PRO-BP-385','Dog Promotion Symposium','2021-06-24 00:00:00',79),(197,'CAT-BEN-FE-900','Cat Benefit Summit','2020-01-25 00:00:00',21),(198,'SOL-BEN-YA-724','Solar Energy Benefit Seminar','2020-02-26 00:00:00',55),(199,'TRE-PRO-ZL-900','Tree Promotion Meeting','2021-08-21 00:00:00',45),(200,'CAT-PRO-KD-690','Cat Promotion Seminar','2021-07-02 00:00:00',12),(201,'CON-LOV-FY-366','Conservation Lovers Showcase','2020-02-09 00:00:00',1),(202,'TRE-BEN-EQ-460','Tree Benefit Event','2020-06-05 00:00:00',51),(203,'FLO-PRO-EZ-912','Flower Promotion Event','2020-10-18 00:00:00',5),(204,'SOL-BEN-JQ-590','Solar Energy Benefit Seminar','2021-08-21 00:00:00',85),(205,'SOL-LOV-DC-637','Solar Energy Lovers Summit','2021-11-04 00:00:00',70),(206,'CAT-IND-YO-424','Cat Industry Meeting','2021-10-08 00:00:00',23),(207,'HOR-LOV-UO-164','Horticulture Lovers Conference','2020-11-19 00:00:00',90),(208,'CAT-RES-SM-860','Cat Research Symposium','2021-09-20 00:00:00',25),(209,'TRE-IND-OF-977','Tree Industry Summit','2020-01-25 00:00:00',61),(210,'TRE-BEN-UA-900','Tree Benefit Meeting','2021-07-25 00:00:00',10),(211,'DOG-BEN-GZ-755','Dog Benefit Conference','2021-03-28 00:00:00',34),(212,'FLO-RES-VH-924','Flower Research Seminar','2021-06-24 00:00:00',23),(213,'WIN-LOV-RV-915','Wind Power Lovers Seminar','2021-04-24 00:00:00',7),(214,'CAT-IND-KV-568','Cat Industry Event','2020-02-16 00:00:00',6),(215,'SOL-RES-US-180','Solar Energy Research Show','2021-12-22 00:00:00',11),(216,'CON-RES-WP-569','Conservation Research Show','2020-01-05 00:00:00',81),(217,'CAT-RES-GI-622','Cat Research Summit','2021-09-22 00:00:00',57),(218,'FLO-RES-OH-441','Flower Research Summit','2021-10-05 00:00:00',84),(219,'DOG-IND-XO-409','Dog Industry Seminar','2020-06-09 00:00:00',95),(220,'HOR-IND-GX-725','Horticulture Industry Meeting','2020-12-30 00:00:00',6),(221,'TRE-BEN-XR-421','Tree Benefit Meeting','2020-10-12 00:00:00',57),(222,'TRE-IND-EX-776','Tree Industry Showcase','2020-09-11 00:00:00',59),(223,'TRE-IND-LX-624','Tree Industry Showcase','2020-12-07 00:00:00',65),(224,'CON-PRO-MH-921','Conservation Promotion Showcase','2020-01-15 00:00:00',84),(225,'DOG-RES-CP-461','Dog Research Summit','2020-08-27 00:00:00',58),(226,'TRE-PRO-YV-186','Tree Promotion Event','2021-10-30 00:00:00',17),(227,'SOL-IND-GZ-660','Solar Energy Industry Meeting','2020-08-10 00:00:00',52),(228,'TRE-RES-HS-572','Tree Research Seminar','2021-04-29 00:00:00',64),(229,'GRE-IND-ER-912','Green Energy Industry Showcase','2020-09-22 00:00:00',41),(230,'SOL-RES-PH-527','Solar Energy Research Show','2020-06-21 00:00:00',23),(231,'TRE-LOV-JM-929','Tree Lovers Conference','2021-11-02 00:00:00',48),(232,'DOG-IND-GS-650','Dog Industry Summit','2021-08-08 00:00:00',83),(233,'WIN-RES-OY-356','Wind Power Research Conference','2020-10-23 00:00:00',1),(234,'CON-PRO-IX-313','Conservation Promotion Summit','2020-08-23 00:00:00',79),(235,'DOG-LOV-FD-563','Dog Lovers Symposium','2020-10-26 00:00:00',49),(236,'GRE-LOV-JW-639','Green Energy Lovers Conference','2020-04-27 00:00:00',65),(237,'FLO-IND-BP-870','Flower Industry Seminar','2020-11-29 00:00:00',36),(238,'TRE-RES-VU-665','Tree Research Event','2021-10-06 00:00:00',24),(239,'SOL-RES-XA-327','Solar Energy Research Meeting','2020-12-03 00:00:00',60),(240,'GRE-LOV-NM-944','Green Energy Lovers Seminar','2020-04-18 00:00:00',17),(241,'HOR-PRO-QW-852','Horticulture Promotion Seminar','2020-10-30 00:00:00',5),(242,'CAT-BEN-VD-756','Cat Benefit Show','2020-11-08 00:00:00',76),(243,'CON-RES-KX-602','Conservation Research Seminar','2021-12-08 00:00:00',26),(244,'CAT-BEN-FK-194','Cat Benefit Event','2020-08-21 00:00:00',36),(245,'GRE-IND-LY-822','Green Energy Industry Show','2020-09-20 00:00:00',38),(246,'WIN-PRO-HE-131','Wind Power Promotion Meeting','2020-11-02 00:00:00',73),(247,'GRE-RES-HD-784','Green Energy Research Conference','2020-10-26 00:00:00',56),(248,'SOL-LOV-EG-244','Solar Energy Lovers Symposium','2021-05-07 00:00:00',14),(249,'SOL-BEN-GJ-711','Solar Energy Benefit Conference','2021-09-20 00:00:00',54),(250,'SOL-BEN-XK-333','Solar Energy Benefit Show','2021-04-13 00:00:00',28),(251,'TRE-IND-QB-214','Tree Industry Show','2020-08-05 00:00:00',4);
/*!40000 ALTER TABLE `events` ENABLE KEYS */;
UNLOCK TABLES;

--
-- Table structure for table `hotels`
--

DROP TABLE IF EXISTS `hotels`;
/*!40101 SET @saved_cs_client     = @@character_set_client */;
/*!40101 SET character_set_client = utf8 */;
CREATE TABLE `hotels` (
  `id` int(8) NOT NULL AUTO_INCREMENT,
  `propertyKey` char(16) CHARACTER SET utf8 COLLATE utf8_unicode_ci DEFAULT NULL,
  `hotelName` varchar(128) CHARACTER SET utf8 COLLATE utf8_unicode_ci DEFAULT NULL,
  `streetAddress` varchar(128) CHARACTER SET utf8 COLLATE utf8_unicode_ci DEFAULT NULL,
  `city` varchar(128) CHARACTER SET utf8 COLLATE utf8_unicode_ci DEFAULT NULL,
  `stateProvince` varchar(128) CHARACTER SET utf8 COLLATE utf8_unicode_ci DEFAULT NULL,
  `locality` varchar(128) CHARACTER SET utf8 COLLATE utf8_unicode_ci DEFAULT NULL,
  `country` char(2) CHARACTER SET utf8 COLLATE utf8_unicode_ci DEFAULT NULL,
  `postalCode` varchar(24) CHARACTER SET utf8 COLLATE utf8_unicode_ci DEFAULT NULL,
  `latitude` decimal(8,4) DEFAULT NULL,
  `longitude` decimal(8,4) DEFAULT NULL,
  PRIMARY KEY (`id`),
  UNIQUE KEY `hotels_prop_key` (`propertyKey`)
) ENGINE=InnoDB AUTO_INCREMENT=96 DEFAULT CHARSET=latin1;
/*!40101 SET character_set_client = @saved_cs_client */;

--
-- Dumping data for table `hotels`
--

LOCK TABLES `hotels` WRITE;
/*!40000 ALTER TABLE `hotels` DISABLE KEYS */;
INSERT INTO `hotels` VALUES (1,'MYST6276','Mystic Inn','3589 Short Ridge Road','Kirkland Lake','ON','Ontario','CA','P2N',48.1446,-80.0377),(2,'STER7480','Sterling House','2345 Winding Gully Road','Sheerness','England','Kent','GB','ME12',51.4395,0.7603),(3,'MYST5111','Mystic Inn','112 Green Ridge Drive','Byhalia','MS','Marshall','US','38611',34.8854,-89.6763),(4,'TRAN1865','Tranquil Inn','8527 Winding Creek Ride','Luxembourg','LU','Ville de Luxembourg','LU','L-1635',49.6124,6.1108),(5,'VOYA3504','Voyage Inn','9252 Winding Bend Way','Fabreville','QC','Quebec','CA','H7P',45.5780,-73.8004),(6,'MYST2351','Mystic Hotel','3545 Blue Woods Street','Schoelcher','MQ','Martinique','MQ','97279 CEDEX',14.6177,-61.0990),(7,'AWES1838','Awesome Inn','6592 Big Stream Boulevard','Sorti','Jhalawar','Jhalawar','IN','326037',24.4368,76.7426),(8,'VALL2845','Valley Stay','7308 Winding Ridge Street','Eckerö','Eckerö','Eckerö','AX','22270',60.2203,19.6263),(9,'COZY9634','Cozy Hotel','2184 Long Bridge Boulevard','Dudhwa','Dadri','Bhiwani','IN','127022',28.4948,76.2706),(10,'VOYA7087','Voyage Stay','598 Big Gully Boulevard','Castrosin','AS','Asturias','ES','33819',43.2191,-6.5155),(11,'AWES9842','Awesome Resort','4892 Blue Bridge Drive','Bugarda','Nagaur','Nagaur','IN','341027',27.1650,73.9281),(12,'PEAC3773','Peaceful Keep','7814 Short Ditch Drive','Slædepatruljen Sirius','','','GL','3992',67.2561,-48.0617),(13,'GETA4205','Getaway Destination','860 Green Tree Way','Ukhala Dungri','Vijaynagar','Sabarkantha','IN','383460',23.7294,73.1340),(14,'MAJE4610','Majestic Keep','2664 Red Tree Circle','Sandur','','','FO','215',61.8425,-6.8078),(15,'VALL3908','Valley Hall','4245 Long Woods Boulevard','Jonquière Southeast','QC','Jonquière','CA','G7T',48.3975,-71.1527),(16,'REST1414','Restful Inn','1064 Little Mountain Road','Fort-de-France','MQ','Martinique','MQ','97253 CEDEX',14.6089,-61.0733),(17,'REST2729','Restful Destination','1 Green Canyon Avenue','Red Roses','Wales','Carmarthenshire','GB','SA34',51.7758,-4.6049),(18,'GETA5495','Getaway Hall','4789 Green Bough Street','Quispamsis','NB','New Brunswick','CA','E2G',45.4534,-65.9310),(19,'QUIE9434','Quiet Hall','5857 Winding Creek Circle','Shortgate','England','East Sussex','GB','BN8',50.9007,0.0778),(20,'ROYA7685','Royal Hotel','7490 Long Bridge Road','Mikulovice','Pardubice','Pardubice','CZ','530 02',49.9833,15.7833),(21,'GARD6867','Garden Inn','8804 Long Creek Drive','Edmonton (North Westmount / West Calder / East Mistatim)','AB','Edmonton','CA','T5L',53.5850,-113.5526),(22,'RIVE7601','Riverside Hotel','7982 Red Gully Drive','Le Lamentin','MQ','Martinique','MQ','97288 CEDEX 2',14.6080,-61.0093),(23,'COZY4294','Cozy Inn','5612 Green Tree Street','East Bunbury','WA','STIRLING','AU','6230',-33.3363,115.6566),(24,'VALL1361','Valley Keep','5316 Green Gulch Boulevard','Bazalia','Satkania','Chittagong','BD','4388',22.1201,92.0614),(25,'MYST7678','Mystic Hotel','3423 Blue Bend Boulevard','Caversham','WA','STIRLING','AU','6055',-31.8833,115.9667),(26,'MOUN5341','Mountain Hotel','4223 Blue Stream Street','Cayenne','GF','Guyane','GF','97343 CEDEX',4.9333,-52.3333),(27,'DEST8273','Destination Stay','7864 Blue Creek Drive','Lune River','TAS','TASMANIA','AU','7109',-43.4295,146.9009),(28,'TAKE1496','Take a Break Hall','5939 Little Gulch Ride','Pohnpei','State of Pohnpei','State of Pohnpei','FM','96941',7.1383,151.5031),(29,'TRAV9830','Travel Hall','5897 Red Hill Way','Vazhiyur','Arni','Tiruvannamalai','IN','632315',12.7209,79.1815),(30,'PEAC9069','Peaceful Inn','6100 Big Stream Road','Theunissen','','','ZA','9410',-28.4000,26.7167),(31,'AMAZ9649','Amazing Lodge','8867 Little Canyon Circle','Barron Gorge','QLD','Queensland','AU','4870',-16.8802,145.6692),(32,'AWES3801','Awesome Inn','7814 Short Bend Ride','La Palmera','La Palmera','San Carlos','CR','21009',10.3982,-84.3844),(33,'ROSE5135','Rose Stay','9496 Big Stream Way','Minneapolis','MN','Hennepin','US','55484',44.9800,-93.2638),(34,'ROMA5202','Romantic Lodge','7620 Red Gully Way','Kuro k.','Kauno r. sav.','Kauno r. sav.','LT','53083',54.9167,23.6667),(35,'QUIE8402','Quiet Lodge','7725 Green Ditch Ride','Dummer','England','Hampshire','GB','RG25',51.2091,-1.1657),(36,'GARD8456','Garden Hall','8748 Red Bough Avenue','Schaanwald','Mauren','Mauren','LI','9486',47.2151,9.5620),(37,'GARD7847','Garden House','369 Little Mountain Avenue','Calverleigh','England','Devon','GB','EX16',50.9206,-3.5850),(38,'COZY9514','Cozy Hotel','196 Green Mound Road','EL XAB (EL ASINTAL)','DEPTO DE RETALHULEU','DEPTO DE RETALHULEU','GT','11013',14.4833,-91.8333),(39,'STER5347','Sterling Hall','5301 Red Woods Drive','Potato Point','NSW','New South Wales','AU','2545',-36.1380,149.9085),(40,'VOYA9280','Voyage Lodge','8046 Winding Hill Circle','Merizo','Guam','Guam','GU','96916',13.2637,144.7016),(41,'AWES6751','Awesome House','8021 Little Woods Avenue','Medicine Hat Central','AB','Medicine Hat ','CA','T1A',50.0816,-110.5788),(42,'ROSE5673','Rose Hotel','2435 Long Canyon Circle','Moravany nad Váhom','TA','Piešťany','SK','922 21',48.6012,17.8583),(43,'REST1912','Restful Hotel','2964 Red Gully Street','Etobicoke (New Toronto / Mimico South / Humber Bay Shores)','ON','Toronto','CA','M8V',43.6075,-79.5013),(44,'TRAN4338','Tranquil Resort','3722 Long Mountain Road','Bucureşti 24','Sector 2','Bucureşti','RO','022325',44.4180,26.1691),(45,'CAST3138','Castle Keep','1180 Little Mound Drive','North Vancouver Inner East','BC','Vancouver','CA','V7H',49.3551,-122.9802),(46,'MAJE8316','Majestic Inn','6149 Green Woods Circle','Mauren FL','Mauren','Mauren','LI','9493',47.2191,9.5464),(47,'AMAZ4203','Amazing Stay','3959 Little Gulch Avenue','Narpa','Samastipur','Samastipur','IN','848207',25.7304,86.2806),(48,'TRAV4511','Travel Stay','6536 Little Gully Circle','Новоград-Волинський','Novohrad-Volynskyi','Novohrad-Volynskyi','UA','11701',50.5941,27.6165),(49,'COZY6130','Cozy Hall','4465 Blue Creek Road','Thornyhill','Scotland','Aberdeenshire','GB','AB30',56.8294,-2.5878),(50,'GARD9773','Garden Inn','7911 Big Bend Ride','Kota Bharu','KTN','Kelantan','MY','15502',6.1220,102.2523),(51,'CAST5500','Castle Resort','2100 Little Bridge Ride','Greensted','England','Essex','GB','CM5',51.7029,0.2159),(52,'VALL6654','Valley Hall','3607 Red Gulch Ride','Senningerberg','LU','Niederanven','LU','L-1709',49.6524,6.2277),(53,'TRAV7027','Travel Hotel','8305 Blue Gulch Road','Osprey','FL','Sarasota','US','34229',27.1838,-82.4853),(54,'ROMA8238','Romantic House','1589 Long Gulch Street','Vaitkūnų k.','Rokiškio r. sav.','Rokiškio r. sav.','LT','42028',55.8167,25.3667),(55,'LAKE2633','Lakeside Stay','9511 Long Ditch Road','Kelfield','England','North Yorkshire','GB','YO19',53.8405,-1.0925),(56,'MOUN5927','Mountain House','5742 Big Woods Avenue','Noorinbee North','VIC','Victoria','AU','3890',-37.4986,149.1425),(57,'MOUN6609','Mountain Hall','5955 Long Ditch Street','Dosquebradas','Dosquebradas','Dosquebradas','CO','661008',4.8417,-75.6701),(58,'GARD5079','Garden Keep','8990 Blue Hill Drive','North Chailey','England','East Sussex','GB','BN8',50.9007,0.0778),(59,'AMAZ6302','Amazing Inn','8272 Long Canyon Street','Tamuning','Guam','Guam','GU','96911',13.4443,144.7863),(60,'FAMO6607','Famous Lodge','2551 Blue Tree Way','Knelston','Wales','Swansea','GB','SA3',51.5788,-4.2115),(61,'LAKE3864','Lakeside Inn','9567 Short Bend Way','San Juanito','CHP','Juárez','MX','29510',17.6183,-93.1447),(62,'TRAN6651','Tranquil Keep','6543 Green Gully Avenue','Melbourne','VIC','Victoria','AU','8060',-37.8140,144.9633),(63,'CAST7499','Castle Lodge','6221 Little Bend Road','Agua Tapada','SON','Alamos','MX','85773',27.1450,-109.0310),(64,'RIVE3062','Riverside House','4947 Green Ridge Boulevard','Inkster','SA','South Australia','AU','5680',-32.8167,134.6833),(65,'DEST7294','Destination Hotel','6456 Red Ditch Way','Maquiteria','','','DO','11604',18.4722,-69.9167),(66,'MYST5758','Mystic Inn','4593 Big Bend Drive','Poyyundarkottai','Orattanad','Thanjavur','IN','614902',9.3519,77.5684),(67,'VALL4631','Valley Inn','6511 Little Tree Way','San Juan De Rio Seco','San Juan de Río Seco','San Juan de Río Seco','CO','253257',4.8402,-74.6592),(68,'TRAN5983','Tranquil Resort','2455 Little Gully Boulevard','Houston','TX','Harris','US','77055',29.7971,-95.4958),(69,'VOYA2746','Voyage Hall','4755 Little Bough Road','Sigave','Circonscription de Sigave','Circonscription de Sigave','WF','98620',-14.2667,-178.1667),(70,'CAST7994','Castle Keep','9923 Short Canyon Ride','Chettiapatti','Manaparai','Tiruchirappalli','IN','621307',9.9832,78.1430),(71,'TAKE7958','Take a Break Lodge','6012 Short Gully Avenue','Uvéa','Circonscription d\'Uvéa','Circonscription d\'Uvéa','WF','98600',-13.2988,-176.2205),(72,'QUIE2035','Quiet Keep','7250 Long Creek Circle','Numaligarh','Golaghat','Golaghat','IN','785615',26.6225,93.7223),(73,'VALL7384','Valley Destination','2126 Blue Gully Circle','Pinos De Miramar (Urbanitzacio)','CT','Tarragona','ES','43892',41.2667,1.9667),(74,'ROSE4981','Rose Lodge','4050 Long Ditch Road','Budhera','NA','Gurgaon','IN','122505',28.4773,76.9127),(75,'QUIE6075','Quiet Inn','323 Red River Ride','Veszprém','VE','Veszprém','HU','8202',47.1000,17.9167),(76,'MOUN4120','Mountain Hall','901 Red Bough Street','Hamilton (East Delta / Bartonville / Glenview / Rosedale / Lower King\'s Forest / Red Hill / Corman / Vincent / South Gershome)','ON','Hamilton','CA','L8K',43.2211,-79.7994),(77,'MYST3621','Mystic Stay','3012 Red Bough Ride','Bronte Park','TAS','TASMANIA','AU','7140',-42.1360,146.4932),(78,'ROYA2491','Royal Stay','9089 Red Gulch Avenue','Rudakota','Chodavaram','Visakhapatnam','IN','531040',18.2935,82.4595),(79,'FAMO2409','Famous Hotel','8386 Short Mound Way','Adakasim','Çeltik','Çeltik','TR','42920',38.9569,31.8931),(80,'GETA9994','Getaway Inn','6697 Long Stream Boulevard','Strathmore','AB','Alberta','CA','T1P',51.0501,-113.3852),(81,'VOYA1556','Voyage Hotel','5601 Blue Canyon Avenue','Västerås','U','Västerås','SE','722 15',59.6162,16.5528),(82,'AWES6873','Awesome Hotel','9150 Big Creek Way','Surera','Srimadhopur','Sikar','IN','332742',24.6226,76.0394),(83,'SECL6815','Secluded Inn','6330 Blue Tree Drive','Пилятино','БУЙСКИЙ РАЙОН','БУЙСКИЙ РАЙОН','RU','157064',58.6408,42.0386),(84,'PEAC3949','Peaceful Lodge','4711 Long River Street','Lancaster','PA','Lancaster','US','17608',40.0185,-76.2976),(85,'TAKE9181','Take a Break Hall','8532 Long Mound Street','Keundia','kaukhali','Pirojpur','BD','8511',22.6256,90.0600),(86,'TRAV6818','Travel Destination','112 Big Ridge Boulevard','Purleigh','England','Essex','GB','CM3',51.6872,0.6583),(87,'RIVE1479','Riverside Keep','2909 Green Hill Boulevard','Sirova Katalena','Đurđevac','Đurđevac','HR','48350',45.9608,17.0603),(88,'QUIE2781','Quiet Hotel','3118 Green Woods Street','Atalkha','Sonbersa Raj','Saharsa','IN','852217',25.7303,86.7427),(89,'PEAC1651','Peaceful Stay','8973 Long Canyon Street','Goodyear','AZ','Maricopa','US','85395',33.4790,-112.3947),(90,'REST4946','Restful Keep','344 Winding Bough Ride','Dogana','','','SM','47891',43.9803,12.4905),(91,'MOUN1071','Mountain Resort','6956 Short Stream Drive','Point Samson','WA','KALGOORLIE','AU','6720',-20.6289,117.1927),(92,'ROMA2574','Romantic House','9624 Red Gulch Road','Cherbourg','QLD','TOOWOOMBA SE CNR','AU','4605',-26.2919,151.9521),(93,'AWES6386','Awesome Keep','9116 Red Hill Ride','Cali','Cali','Cali','CO','760004',3.4372,-76.5225),(94,'VALL6240','Valley Destination','4381 Big Gulch Road','Drysdale River','WA','KALGOORLIE','AU','6740',-15.9162,126.8148),(95,'TRAV3713','Travel Hotel','189 Big Mound Way','Sibić','Gora','Gora','HR','44251',45.4079,16.1991);
/*!40000 ALTER TABLE `hotels` ENABLE KEYS */;
UNLOCK TABLES;

--
-- Table structure for table `images`
--

DROP TABLE IF EXISTS `images`;
/*!40101 SET @saved_cs_client     = @@character_set_client */;
/*!40101 SET character_set_client = utf8 */;
CREATE TABLE `images` (
  `id` int(8) NOT NULL AUTO_INCREMENT,
  `title` char(16) CHARACTER SET utf8 COLLATE utf8_unicode_ci DEFAULT NULL,
  `image` text CHARACTER SET utf8 COLLATE utf8_unicode_ci DEFAULT NULL,
  PRIMARY KEY (`id`)
) ENGINE=InnoDB AUTO_INCREMENT=252 DEFAULT CHARSET=latin1;
/*!40101 SET character_set_client = @saved_cs_client */;

--
-- Dumping data for table `images`
--

LOCK TABLES `images` WRITE;
/*!40000 ALTER TABLE `images` DISABLE KEYS */;
INSERT INTO `images` VALUES (1,'person','iVBORw0KGgoAAAANSUhEUgAAAGQAAABkCAYAAABw4pVUAAABhWlDQ1BJQ0MgcHJvZmlsZQAAKJF9kT1Iw0AcxV9btSoVETuIOESogmBBVMRRq1CECqFWaNXB5NIPoUlDkuLiKLgWHPxYrDq4OOvq4CoIgh8gTo5Oii5S4v+SQosYD4778e7e4+4d4K8WmWq2jAGqZhnJeExIZ1aE4Cs60IM2DGJEYqY+K4oJeI6ve/j4ehflWd7n/hxdStZkgE8gnmG6YRGvE09tWjrnfeIwK0gK8TnxqEEXJH7kuuzyG+e8w36eGTZSyTniMLGQb2K5iVnBUIkniSOKqlG+P+2ywnmLs1oss/o9+QtDWW15ies0BxDHAhYhQoCMMjZQhIUorRopJpK0H/Pw9zt+kVwyuTbAyDGPElRIjh/8D353a+Ymxt2kUAxofbHtjyEguAvUKrb9fWzbtRMg8AxcaQ1/qQpMf5JeaWiRI6B7G7i4bmjyHnC5A/Q96ZIhOVKApj+XA97P6JsyQO8t0Lnq9lbfx+kDkKKuEjfAwSEwnKfsNY93tzf39u+Zen8/culyp9yX4tEAAAAGYktHRAD/AP8A/6C9p5MAAAAJcEhZcwAADdcAAA3XAUIom3gAAAAHdElNRQfkCREGMha5nTwtAAAPBUlEQVR42u2deWwc133HP2+uPbi8RHIpiiIVUdRhnYnsurUcx47hJE4b20KLAo5T143jIkWaOmgCpCjcFnBRwIHbBGl6pUEvtIblxHEcuK2d2LHkIy4UW7ZkHY4kSxYlrkjxELXaJfeY2ZnpHzOkZoe7JGXvLnfJ/QLEzs4b7sy87/ze73i/9xuoo4466qijjjrqqKOOOuqoLESNXncPcAtIt0LgWsithlwT2LLTLGdAHQf7NGRfAl4C9gOZOiGlQyvwAAS+LElGb2Njl97YeKMUDG5VJClKJhNmeDiHYWSAHHABGARez8C7GmCB8gLo3wT2AnadkPeHTpAeBnFfQ0MX3d2/H+zouAlVXQUITNNmZCRHLKaTSllFfiIFHAKeMWGvBOopyP4l8FidkKvD50D5x2BwQ3Dduq9q7e27EMIZlWwbhoZ0BgZ0DONqHvYR4AfA46YzlBmfd0WpTsgcaARtD5i3r179J9Latb8jZFmeaZycNDl5MksiYX6AU5wD/kKH4znIfQF4ohpuXK5CMjpAe02SOq/btOkJtbf3FiFJ0kzjpUs5Dh/OkMlYH/A0zcCdMgRUeP23QJoC+//qhMySDPVlRelfv2PHE1pb28q8xtFRg2PHMlhWKQeIHUCfgBdvA3sEeLNOyAyUPZK0cte2bXu05ubmvJZ02uLIkVKS4UUf0Cng1V8H+2Xg7GL1gFRFbNwN9l39/d/VWlpaZjWeOJHBNMtpqd4J3CFAfRpYudwJCYD6t21tX5ZXrVo/qzGZNInHzQpcxlcFhJuAfwNWL2dC7hFCbe3ru6+woTqSq9BlNAAPyKDeAtwLtCxTQgL3t7XdozQ0NBRsnZw0K3gtdwF2ENgKfBbQlhshDaDvikZvK+oTpdNWBS9HBq6zQWxwogTcuNwI2Q6I1tZNRQ+wKxJ1soFTwFGgUwJtjdtwg2OOLx9CehSlxVDVUPGLlCoRUBgFLrvbKwAr4n7RgF9bToSEZTk055gUCJSbEAsnOjyNIFdC+eDqk2VDSNKyUnNeRzhc7su8iBOyn0YGkAxfnKVzuRBy1jDiWiaTLHpAJFLuyxzzfb8EiLhv56eWCyFHQTISiV/OQUg5IzwJIO3bd9qErD8kH1suhGRA2Tc09Kw1l4SIsqmRYd/3KeCYBJzwu0PLyDHUvxeP/9CenIwX9gxkQSgklUk6/P38JiAnmR1gTC2n0MmPQZw9ceLvLcsq7HQEg6W+VBs473dBgacsMF5h9pz78HIixAT9D5LJx8TAwJtFfJFyKPKUj6A9FpgXgbcKiNLF5UQIwAsg/cPg4B/qIyPnZzUWT2B4P0gV0NGv2HDAAuPJAtJxaDn5IV5B+ZptT/38+PHP6RcuXCFl7oySq9ZXbojE2+f7gT2A+VQBG1gH3qhUD1RjkkMDqP8jRMOuVau+o01ObuPyZbOEZJwEsu53A3jWhp/YYD3tmOCzsA94uVI3X41JDgZYj4PekUw+fV02O2rDTvHBo+AJVzL0aX8U+LYFx3Qwn3XNXD/z54BnqGBSXbXnZX0MtMehYSX8rgy7ufrAaw4Y8oxEMfehfw0I2g5BptsP2pST6GAMA+8BjwC/rOQNVyshHwI+DfLHQPk4ZDtBdS/3M8DNwEeA8DzD0xhOFHfMlYhXgeM4EfX7gJ3uw3/JtWpPuTwcz8FJC5IaBM6B8SxYzwPPUeb84GoiZDuwGwJ3C6Ff09j4oWxT00cV2CLH4+uZnFzlPtk/do0eE9gEbAa6XMlpdPVDHCd6O+yqhXEgCtwC3A30LtBPOQ28Duw34IAAKwPWY2D9u9uw5AgJAfeA9jVFsa5pb/9Itq3tNwItLTcyMdHF8LBRJLlBdzv6gPtUX8CZy0gDARx9EwVW4eRd7eSD5yykcHK0n9bhbQ20t0D/Y+CVpUBIB0hfB+mLLS3RQFfXvWpHx2eEbXcQixnEYlebr1tpxIDvWfCcAPV50L9SIPZVE4RowB+B8nBr6ya1r+9LWmPjTZimyvCwwblzOrpezUT4cRL4lgEHLTC/hJM+VDOE3Abav4bDLV0bNz6kNjd/EpAYG8vx7ruZGiPCr2t+AHzTAr4B1kPV7ofIIH0D+KeVKx9o2rr120ootBldh+PHMwwM6JgmNQyBM8O7VcDzuxwrzH6tWiUkCMqTQgQ+tWHDd9WurusBJ8/qyJE02axN7cNw/UcbOAg8aoN9k+voVFssS3oUIp/s739qhoyJiRwHDy4VMnCtu7j72Qd8FNCe5H3mB5dzyPoE8Hd9ff+i9PRscYIXCZPDh9NlymBfLGRcQqbRI+BnEbCjwGHX61x0QsKgvbRu3YMNvb13CQBdt3n77RS5HEsMshsN8LpWU0BsleNIcsLdsZhDlvRnra2rV/T0/N7M7585k11Cw5Tfkvcn+X1CgNXhhhF+m6uIjJZDQlYLIX1/27Zvaaq6FnByc0+cyLB0kQOSPilJA4OdYL3jav6ziyQh8kMdHTsJh69kX46O5iqUn7tYaCtgsN4qIBfFKXJwgxvTqTgh7WB/obf3QdV7gfF4jqUNDWjy7VsBbDdButYVmV9dDEI+Hw53W5HIdXk7Z0+/nqdCSRwVRLTAvptlEFtc6bjB8csqSkjg/s7OewP+n51tWf0N8OQSI6SpQH9vBELTrnwI+JVKEtIN2Y1tbTct4NB3gP4a6uw3gJ8tbMTOgwJ8XAZtu7vj2vmiI6Uk5NOK0q43NKyd1aAo3m+DOClOtUTIu8A/L8AsKaTcN+NUK0LDWbPYVyFCtDuam29XRYEk3EDAe5qzCCGjaWtriJDrgQGR7wAWgoJTtMiLNdPexfQN76wQIdKHI5HtBX8vf33HEE1N69G0QA0Rsg5otBeWL9dWwNX7sA1iekjYxBzJAKUiRIFsdyhUeJq0ocF7mhgtLZsRopZKdQlgveXovoUod79jvlmGwBoPQ+vLTcgasOVgcFXBxvwFNwN2JLIGUXO17DbLcHSBYVH/sNUF6Cs8Cqa/3ISscHRFSxFCvBGaUSKR1WVIni43eoGz4v0R0glYsmc8W1fM2ipVt2gAkqQUbFRV4Vm4OSoCgfYKrawtJdYAl8TCArdh8sOEDUDA8hASpsh8SakIkR1Civ+co9gzKEoKSWpCVWuNkLUzVuLCdE7E890GGizyw8Jd5SQk4Xykix7gLLgZRVVVIIKm1Rohra4bsdBqgP4yIRF8rny0nISMAxhGorgZpghgBE3TgMYaJGR62DpzNaO4z0fJG8c6y0nIKGBnsxPFhVgAXJyRkPIXAygHeoD3FjiR4Nenk5CfF9xYTkJ0UCbT6bGiBziZiCmECNmglmHNYCXQTX7Fh7lg+7YTEvlr6IJl9tTFL06delgfHCycUelU9JnCtkMzzmLt+SJRYGyBV531bA8DGYn8VablJsS4w7LGf3T69G7r4MFHrVTqynJj07RJJi1XYmUbnKXOtSclUWACpzbKfJgevqdwVmmpI1eMH6fDykwIGTA+C9buy5f/6/yBA7cap079J5lMgvHxnFsvUcb21HTJD6nUAjpxlkHMtyB3zLVznrPhTy04lATjmdn9Nb/mKQX+G/QXLEt/MBZ79M9jsUca4FoLdspwEtu+Mow2NcmMj9fS9G6Hp8M7CrRbOMtG/teGfTaYU2DsA94uIFbjlSJkmv1HwXgK+Dq8sQMO94LZapo96oxl3yrXmIQ0uk72mE9XHHKJeDEHMQW0GOgHcBaxFBvf3qskIdM4DXwFuBmy1wM7dD21e+b2GmU0TdRA5vuUO/x3uHrkpzipu8dycFoGywZlGPSTwGHQ4/P84Cmc1UYVJ2RaWn6KU0Tki7p+8Tedh8bRHytWKFy4YFQ5IWfdKMQYoJmwTwf7HOSGcFbvDIJuLPABfWkud1+p4F2NA983zdxfmeYEsuzMP0ej1U6I5dG/hkuK8QJOqvu0kyHmsX+PusfPW+JJqfDdDYCU0/ULSijU7uoRhWBQKkFx/XIh53HyZhy8xDz/lHR1xCmcZb8LfuKUyt+dNpTNxnpDoa0zIZWVKxUGBvQqJcT2hT9MQX7eqPugMey68UPMLs9BtRICWMdSqTO93vLu3d0asZhBLlftyj3ulQCvjvyPUp1hETwz/Y10+og3roCqCrq71SolwaseLgPC8jl1U6U822K4ygenpo7JfvO8p0ergZD8JZw3wM1yTmqdkEuKf5hVFEF/f6DKJSQOiCmfYgkwd42PqifkbDZrJXK5gVkN0ahKW5tSxRISB8xC9Wy1WiYEkA4lEoXD9NdcE6yyKLBXGC5aYJW1Ouki3Xl2/+XLhwrauYoi2LIliCyLKiRkwi7ig6RrnBDeisffFMXqgjU2ymzdGqyS3C1vVYOkKECIRf5sVE0S8moyOapa1vmiB7S2KmzaFKyCWcWc5zMlMXuZc7qUZ1ssQoYsSx2Mxw/OeVA0qtLXt9iWV9bjgzjjVgFbuOYJAYyfjI//fN4YT0+PRm+vtoiEpP1eun/IGlkihFh7x8b2YtvzBxX7+gJ0dS2WJz/pIUTRyX+vBcy/aKRWCGGvYSSUePy9BR28YUOQ5uZKzzDqPglRCpm8S0VCGIXAmaGhhRXNEQI2bqy0kvdGExKAlShggp1fKoQA2R+Oj/8ou9Cq1eGwRHt7pTz5rO/hn7LB8E/NDnIVcx01QAhP2PbxwLlzAwv+h9bWShCSw5lt9fpJl0yw/RJyptRnXuy0jwug3j41dbgrHk9KmcwEYKCqKpJUeI29rtuMjpYzdSjhkpHByfyccBX7izak38GZgJrGfkr81oQqiOQZ99v20Ufi8eP98bi5GoxmIQTBYMQOhzvNUKgTVY0KVW2XhWghkZDcUSKIs54vhFNkGffTS2TSY7oa7l/a1zbpdvq45fzFhbMvLYHl0ViSVUCBJ0rdG9U4AXEnzgu4mnEWWYSBCIgGUBtBBEHSwAyArYKlgDnHgyVsUAxn+JF15zWVUg5EDizTEQVjEqyUKxIpl7Upz3aqgLkL8NeUeIKqGmPdv8CpI+6bl7a5Ukh/3ntS3A7MOf9n+MIgJYFJGV6DVI2pg94nc5oB7Sqk2XJ7vlxpLJZ7fcOU4UUvtbIgQOZKcfewO5RF3O3p2uJBV4lo5Nemkj1KRvcRNe15Z10xmt5O+f7Svu066qhjUfD/KZ3z3r0X/IQAAAAASUVORK5CYII='),(2,'woman','iVBORw0KGgoAAAANSUhEUgAAAGQAAABkCAYAAABw4pVUAAABhWlDQ1BJQ0MgcHJvZmlsZQAAKJF9kT1Iw0AcxV9btSoVETuIOESogmBBVMRRq1CECqFWaNXB5NIPoUlDkuLiKLgWHPxYrDq4OOvq4CoIgh8gTo5Oii5S4v+SQosYD4778e7e4+4d4K8WmWq2jAGqZhnJeExIZ1aE4Cs60IM2DGJEYqY+K4oJeI6ve/j4ehflWd7n/hxdStZkgE8gnmG6YRGvE09tWjrnfeIwK0gK8TnxqEEXJH7kuuzyG+e8w36eGTZSyTniMLGQb2K5iVnBUIkniSOKqlG+P+2ywnmLs1oss/o9+QtDWW15ies0BxDHAhYhQoCMMjZQhIUorRopJpK0H/Pw9zt+kVwyuTbAyDGPElRIjh/8D353a+Ymxt2kUAxofbHtjyEguAvUKrb9fWzbtRMg8AxcaQ1/qQpMf5JeaWiRI6B7G7i4bmjyHnC5A/Q96ZIhOVKApj+XA97P6JsyQO8t0Lnq9lbfx+kDkKKuEjfAwSEwnKfsNY93tzf39u+Zen8/culyp9yX4tEAAAAGYktHRAD/AP8A/6C9p5MAAAAJcEhZcwAADdcAAA3XAUIom3gAAAAHdElNRQfkCREGMyv47kF9AAAWMUlEQVR42u2dd3gU1d7HP7N9N7vJphMCIbSEHjoIIlUsKApIUVCRV33Vq+IDen31yivea/fqtby2+3iVGhAUKdJREJFOCL2FBBJCTLJJNtndbJ95/9hNsmkSILS4v+c5z+zMnjkz5/edX51zzkCQghSkIN0wJPxZOjp7PCpRxSC1kp4aLc1dbswOB/vtKja/+zWWICBXgB5/HGVLB/foQpggSSQjIQE5ogenQsnNSUmoWyVg1GnB4YS8PKxHT2BzuUgzlzDz9W85FgSkkegfD3KnRscX3Tpj7NwZQ0Q4mEzw41ro2wepZwqCUE9vs3Ng488Ums2kW0uZOnsx54OAXAa98xgvRkXx10njiNDpfMdEEb76Bu4bCxHhDWvn7FnEZSsoLLcz4ZW5bL0WfZHf6GC8NY3Jcc1446EHiFCpqo5nnAaPCN26NLwtoxGhaxf0R45xV5+2rNl6mMKr3R/ZDW2oJ9Fco+X9SRMIlwX0xFYOG7eoSWp78W3qQ2DyBKJDDaReiz7d0IDow3h31EiiVcqqY+fPC8xfHE1kTE+02ktrNyoKkpNIeP1hxgUBaSC9PIU4tYpb27Wr6sPZbBmrNsRz7yNLiWrWBavt0tsfeBNGjY7ngoA0VN9reW7wYCIrPCeLFdb+FMPYR77FEBpLy7ZDOZVpvOT2I8JBIaf97KlogoA0xD2UMSapXZVTsmy5Vho2+j10+ggAmrdK4VyuElG89Gs0b4bM6yE5CMiF1NX9xBr0hKr9XpXJBHZPnBCf2LsKMEFG206jSTuovuTrNGuGQRBJCgJyAVJI9G7XBl3F/plsxPDYgbXq9R78F/amheJ0XaJaDEWj1tImCMgFSKWlc3QM+or93/NlHkN4Yu16Ki29hrzEnFQdHs/FX0ejAaWc6CAgFyCtlu6R4VVZhsW/9VUu+/UsL7/1IQWm4sp6TpeLL79LR5fwX3y7PAL3RYKiUoNMTlgQkAsZdBGDMiD2cEkG4dPPv6Jt8i28+PrHZJ/zpaJWbtjMiNvuoFS6gyMlT/P1wnAczotjjgyUV1Ud35guFlLgrsfjZfjwv5Oe3pqYmDC27tzHlPuak3bwGM/OuJcBAz7Cau3GgL73IXoXMW2KFbWqQZ4c0lVOL8luUEA8YgAkISqblJVViM02jdLSFmRlFyGJImGhejIyshGEFtjtU9mdZiO51wukLjU2yNALMkAIAnJBkkRKXQGqJzHkiBQaWkpY2HS83oMkNddwLvsMA3p3Z/PmNWg0R9DrH6VlvJJ+N0+g+6BXWbjkwupLAJCuLo9uSJXl8VIc+IQbtQ5p1cKnWLZ6C8Nvvo3UT99i3H330TKxDQ6nk6hQNR3atmHIAF+cktT5dpQKDQu+fYkpE8xo6onFlUoQBAxBCbkA2co5WFSEq0q1SMTFRPOXR8ZzbM8vDBgyEoXC96yNHDyQpx6exLCb+yILSAm3Th5C32Gvs+h7Y73el1YDSEQGAbnQTYvsP3OW0op9uQy8XjdOp5PDaXs4m3kSS6n5gu207TicLv1eYNWauj1btweQYQsCcgGavYiD585TbLVWxgtSSWEearWaV977lFHjHkClblhOsFOPsUiq3hw9Vtu7tVhA9JITBKQB5ChnxtLlFIsihOold8bJ/f4clkCLVq1RaxqepB02+h1+2V7bVGSfw2GxsCEISANo1nzWmAp4/4cVmI1GUcw4tt9xyakYdQgiOuz26scPHqZUkLEpCEgDyezgG7MFu9GIMifrqPNy2rJbbW6Xu2rfZILycjJnz6cgCEgDSadgYkpnovLzsZmLLR4At8vFvvU/UXT+dyRJIm3jZg79sg2Xo34BcjoceNxW9CFVx1avx1RWxsyr3SfFjQyIWs1/O12QkckRp0svL/g976aFz7xI5IFDbDAYKFcpSTSXIhcElup09Bp3D3e98CxyRfVu//bzBqdC4XXJ5b681YlTeAqL2P2PRewIAtJQT2synWxW2u/cxTK7wNTycutjv67+sU9+RqZikN3BLfbqEpFssfL9nIXEdkym/72jKo+Lope1P3xj6dNDlABDWRmsWsPvNieTr0W/blhAvCJhcjkdnv83GQDje7l+OHx0/8vPfb8g5j+PP0uEyUSUxYpFoyVbqyGmQxJ/+et0WtcYqLVh5TK7Rmna2b4tI8rtMGchJqedcbPnYQ4CchFUU50s3Xc++1GjMROVLObljSs4c+gIhdnn0IcbebBPT5Sq2und8zlnWfNdak6nDqazYaFovpmPqayU+2fNY/e16tcNP3IxkNpEKY/lZJ2+d9CIO3ThsTHEJ7UjOqEFcnntbhabCnj3lZmlJnPxrW0TrRNPnCTWbmHMK/PZfC370KQAOXrektM+UtVZqVQlt0nqWK/0F+Tl8sE//oa1rGT54l3ZXwzsyACXi2mzFrD/WvehSQEC0ExhXJubc3CEVhcS3bpdcrV8iNfr4ee1K1i24GumPf08u37drN9/xvRxVBLrP1tM0fVw/00OkIziYm/7kGYLT59O751x/Eh055ReWnOxic3rVpH61afENGvOI08/T2RMLGWWUrnRXRy1aG3Ruuvl/pv0DKpJfeNHabWG7xLbJ2n6DxpOn5sHo1JVjdOSRJHPP/mXd2fagePnrMLg3bt3X3MpkTVlQNYnTBJl+kjFzFffYeCwkdXAAHA47WgMRrnCbu4cpnDmdhk++taghFwJmvhmEhrj5o6O43GvDY4T7rz73lpVSs0l/G3WLLZ2epKsdvcg2Uth37ICPPZJzJu+OSghjUGPf6lk6ucfEhKzX2jTr3k322Fh6IjaD70oenn77bdZ0+d1MpPGIckUEBIJ/afEoApdyoOfDAsCctlS8a+OOKXDxHV6Aq1B16Y8g8ED+qLVhtSquvyHH9geMZiC+P5+YwLknQBbEfQZH4lStYD7/xkVBORSacoHg9Dpt9B3fBLWQjUdh5FyKpWx94ypVdVaVsbqTVvY3/2ZqoOZO6D0POSfgrQfIKp1LMqQmX8qQB64qdUn93SJaHnZDU3+eCTqsO/pPykGpw3UIaCPQuO1oQ8NrVV9/sIF7Ex5FlEeEKKYzkDyEOgwFPpNAkmQIROm/akA0YWEdomMjv1u9uXcw+SPhhMStpCbJkej1sPp7dD2JgRJRC2v3aypIJ8dRzM52+7uP+CIAjqPgPD4CB767Jk/DSBOp21zWERkj+yhHX997NZuiyb1aT7xosCZ/M9OqLWp9L4vCoUaCjJAHw3aMGReJ8o6xop+8tlnbO0zC2pOWFfpwFFjMYeutyvQ6l9lyke3X02+XPFs7xMju78qIg4WEEol0eubzySThdvL7bHJnVI8Q2+/a4DH4xmw7ad1oxbE5L6hDe3/lV2u+o4FMzLqbXT8x9GoVOvpPT4GlQ4kCTJ3Qc8xlc+Z6Kk+dernTetJ8zbHFN+vdnstU+DUNuh2Z3VJ6T0+kl2L5vPAh+NIfe6qzFu/4nHIfw3rMn/wyDsmDhhyq9JuL0elUqNSq9GF6FFrtJUD2gAe/nKjtMzRXpIcVhPWIjcyYScu6yIEcR3zX/CPj5IEpn6xna539iUywSdR2engskO7myrbGr16En994A46p/Rk04a1zPtpH2tum4tXUc9olONbQB8BLbpVP+4qh50L87FZbuHbmSdveEDG9oqKCw+N+TWpS9ewgUNvi2yZ2FaIjI6pVqek2ESI3sDojze6t7WaoCQiwffUl+VDYYaVvFM2RHcOXudcJFkiLbs+TtItvnE79jJIX+kzxrIqcFX2YgbteYPw4mNkxw9hX49n6wcDwOuBPYuhxxifY1DNNSuGvUvOUJTfmVWzy5tEpD6uR1TvUGPUAwqFqq/o9bRUKtUKuUwmt9osarlMnmVWRxuWR45uI8YkldAyJZLIhOoNOCxQkOGiNN9B55GhVAwL3b8CEntDePzl36T5PBz9SaLfJAF5jYFzuQednPrtU+Y8NbNJANIgmjpbgyMkBbV+BtrQYXQeGYXhAvHZniU+2yG/hHk1LrvPM+s43B/Ce+CXr0yoddBzTBSagMFzbgf8+k0W8566onMOr6/AcM5sB4tf2MXcJydScn4oe787xOkdVqrPz6npIXnIOVC7woktVZ5TzoG6z1WqwRKwnElBpohMnEu56R52LCiu5nll7rYged/480bq375wmPLIHuSkf8qOVBO2kqr/JKD4HOxMLaQ4ZzFZezMozhH9iSofAA4rlU+4ORdK82pf4/xRCG9RtZ+xvQiX9UOcwlk0Ia7K8112yDtaiCN2zg1v1BsnrH+3OyrDQozxMYhuLxYTIP2Cw/oqi54/zv0fxqLVLESmHohCpSE6EVr3A5n//Vu5GQ6uhpS7QBvmQ/TcIcg7Dj3HglwBhVkSR9anMufJKTz8+SZSRg0joqWPPwdWlVB4dhoLnlkeBKSCZs+WcVLfA+QlpD6XBUJtNTX1i7V0H307xrja55cVwMmt4HH5AsPIRGjdxwcGwK7UAiz5AxGUI4ht/xZdbvOty1GY6eXIxo3MeeKOJhGHXFWa+M8+xLZZQ88xF5epdVphZ2oaDstkdOFbGfBQNHKFz5D/Ni8Pm60LS2cUN+nUyZWxO8/voawgH4f14s6zmEDy7kAVspqe9/rAEEVIX1mM6HjyaoHR9AAB8Dj/zpk9ZRfHBRkgjCJ5cAtCfIvXcHidGVvR+8ybvuJPkVy8clnLuO/JO1FQK1n4RySJYIhOoHlHX0by1DYbxdnLmPPUm1f79pseIEsneHE7ZpN7zH5BAyp5STi1guj0RdBhqAxRhKMbS8k9vIrE/Meuxe0raIokePdj+d0C1LvIX5vTK+i3/yP69e5FxLjhzNi8BqvFisMrvcPcp966VrfeNAHxSgYU6noHARoLDjIq6xtmf/A+av/CjK1ijLzzxmvimrDb9lzLW2+a47KU6puJiK93fb+o/P3c3K9PJRgAPeINaJUyGSrtrCAgjU1y9cNEtq5XQs4mj2HF+k04A2Z5CgioPOWgUCYzdbYmCEhj0eR3WqAJian1TiOA3KpQ9nWcxsJFvqV5JUli/vy5ZLa6EyJaqnDp+wZtSKNJh/4RIaFblHSBaic6TWHVz09y/q23KcjP40iz4ezuPRMh50CYJMhaw7VZarzpASKTT5Fiki48ql8Q2Dj8C3aZjuHoGotL6w8I5SoZyEODEtIYNP7dZnK1Js6raPhKpGVRHaszxGaSPJIrOwhIYwiHSj5JatFVjwQ4ysBaBB4HMq8LpduG226zy2UylUwXKnfKNL4XVCqdLyWv0QMCysKTkkdS7gwC0gikEcTnhNwDGAsPkhippXtcCC1ClURqFGQdSZNWbt/+ebzS9eCUp2ZGmx0l5Jd7OWt2kZHnIK/MgcMLgjXXY1/0Wn4QkMukIUNQeM3bQj+Z/j9Cu2a1Q5B5u5eYk0zbVsbGxE8am9K8bu/L7Wbmo+9nfR2MQy6fmtmaj3u4d4K8LjAkSeLA3p2usBL9LmSyeg1+xrHDCJJnJ0FALp/0oeEzRtw9rk7vaPe2nz1up2fFmcQzHoVcWe9LuV82rC4qLSn6dxCQy6TRyVEGtUbXKiomttZ/TqeTJXP+XWQxlb20ZQser9ddZxslRYUcPbSv9Lv0gh1BQC6TVFpFr84pvVR1qar/e/vVErvD8eLSI+cq3vrV+b2Erz9+r8RqszzKH445Chr1hnlXGnXPdh06GWuCMf/LjyxZp04smLf15NzK42L1D1hIksTcz/5Vdibz1JIlu3I3X+u+NAlAFEptpFYXUmkbPB4Pn737Wumpo4eWzfnlxPTAuqIkidXtxhpxz/bN6+ZuzXjiuuhLk7Doguj2it7K3YK8XI4fPlg879eTtWZB1ZSQuPgWMoVK7bxeutIkbIjFUppdWlJcyejmLVvRuk27kHFdIzvUtit4A/cT2rRFkEgJAtKYAuIVT505faLa+lZ9Bg2LVOr0w+uSEClASLQ6PaIk6YOANCLZysN2nziUXs2fTWzbXh5qMNSaby5XyrJNhdUzI4IkCUFAGpHWZmQ4XS73ifM5ZyuPxSckInqlTrXSIw5P2rkzWdW8LEkQpCAgjUzmksL3Nq3+oVJtKVUqkFd9p6rS3pSZf0zbua1yJKLL5UIG9iAgjWQ+KoopNH9d2s5t5V5v1cr6CrlCFVgHELLkv/92JH1f1bcVRBEEQaTygzqVRahRgoDUxXh/qck02ZYtSCBsPn38aKDBFu5oF2EIqC/ftw8koSoWUWk0SCJ6QIXv80ZKfzigwLeemOxqAiO7AUCQBWzlAcxS+plYWSSkeENo1ZcOwiMiVYJCauX/Xw1oRiSF92uZ0KbylaIgCMi9Uov+0AsIBfRACKADNP5z6wLnTxMYCnUAIgtgiDzgdyWDxiTHzIiPSxgQ17JVZUMGjc5ozLGtToK7T4IJkMc3i3lz9KSHKr8JcvrEMUJsdmUzmA68CXgBN+DyF6d/6wY8/utVSJjU1AGpqZbqk4ZK1aIE5fj2sXMSunZMnv7qm5VPbsaxw2Tv3S10KXfHnYF7T8Km9iHKJIPOMKBdB5/z5Xa5mPPG/1J88CwH4SjQzc98O2ADrIDF/7sccPj/91wpUBTXqYqS+xmuxjc+V+dXIxXqJATQykE7rlXka10G9Y97+tU3kMnkFBUWsHHxAo5v+Ym70s6wUJLkh3yM7dkjPGTWyHvGVr6g2rA0lZhTuRS5RXcmGP2AVIBhBkr8pRgoraHi3U1dQgKlQuUHQu/X60Yg3L8N8x/TDRK4VRGjixtw+ygOpe1hy7cLMWdm4c0479YU2xXLQbCD1QJtlaA2hOsjWrX3ZVNOHj7A3u+XoMw1Y/c99S38TLb7pULjfygqVJQnQG15/UVqbClRXIfSofBLhs7P+AggEojyb42AwQgxSRIdJx7K49BLf0OODDG3yHvG4bHvhMMdIOE+aL7SJx0tjGDU2ZwU/J5L+tafObx2DYn7z4rpkiSU+ero/QyX+Znt8IOiDlCRdXldUlO2IYHgyAPsh7rCS6pQYW2h3TBQxzo8OE4XshRcByF7P+RIINkhNwaa5fp0v14DxvjcYrZ++AHJ54romV8mpUpYALJ9KqlCErwB0uAOkIoKyRD9IEhNXWVVdLBCHbj8T6ndb1DL/bpdDShVIK4D149AEZi3wSmL7xxfoAi23+BYse8cmRKUsU6vrM/eLLKB/0D5Wjjgqe5NlfvVVUlAKQXK/Neu8LhqAtPoLub1ZEPkfhui8RvvQBsSEWBLDHII9Vb3vOT1Rds9IPF5SCoHcS3Y1sGuch+TK4CvAMMcYMiL/b/Nfo+r3A+K50oBcr1JSIUr6QqQFleAoTX7AQoDDN4qr6suXV8zXolcCWXnIGcnpHt9IDhruLil/mKuIRkVLq/7SoJxvUlI4P3IakTmypo2pMa2AhDVH6RAKtqu8JicAZJhDQCl4rfdX1wBasp7Je3H9QhIfQFiXWkTZQDzFXUUecBWHtBeoOF2BQDjDLARrhourhggFXAFR6Zc7ys5CDXsi1DDRsjryNLKAgCoaU/qch48AduaANRUTdLV6jA3EDDUkxoX/qDU7KsUYLPq2tZUSdLV7uiNRMJF7Nf1X12MrksCrslbxP8HsZhkKQ3NFzEAAAAASUVORK5CYII='),(3,'man','iVBORw0KGgoAAAANSUhEUgAAAGQAAABkCAYAAABw4pVUAAABhWlDQ1BJQ0MgcHJvZmlsZQAAKJF9kT1Iw0AcxV9btSoVETuIOESogmBBVMRRq1CECqFWaNXB5NIPoUlDkuLiKLgWHPxYrDq4OOvq4CoIgh8gTo5Oii5S4v+SQosYD4778e7e4+4d4K8WmWq2jAGqZhnJeExIZ1aE4Cs60IM2DGJEYqY+K4oJeI6ve/j4ehflWd7n/hxdStZkgE8gnmG6YRGvE09tWjrnfeIwK0gK8TnxqEEXJH7kuuzyG+e8w36eGTZSyTniMLGQb2K5iVnBUIkniSOKqlG+P+2ywnmLs1oss/o9+QtDWW15ies0BxDHAhYhQoCMMjZQhIUorRopJpK0H/Pw9zt+kVwyuTbAyDGPElRIjh/8D353a+Ymxt2kUAxofbHtjyEguAvUKrb9fWzbtRMg8AxcaQ1/qQpMf5JeaWiRI6B7G7i4bmjyHnC5A/Q96ZIhOVKApj+XA97P6JsyQO8t0Lnq9lbfx+kDkKKuEjfAwSEwnKfsNY93tzf39u+Zen8/culyp9yX4tEAAAAGYktHRAD/AP8A/6C9p5MAAAAJcEhZcwAADdcAAA3XAUIom3gAAAAHdElNRQfkCREGNBwPEnK1AAAWiklEQVR42u1de3hU1bX/7X0ec+aZyWTy4hVCIAKiPBQkShGu4oNXRVqx3tL6RK1WW+/VWttbq/2KFXuvym1t1WqVtlLro14fRURKQIEqEpGHIpCEhLxfk0nmec7Ze98/chKSMAmJpWbyMev78vExc87ee/bvrLV+a+219wFSkpKUpGTYCBkuAx0F2MNOdTwEyyOgWQJQAIAIHiCgFcRpfNrUhPYUIP86saU7pItlSlcKgdmUQJMoJZIEu0Soi1hj51zETcFDJhMmF2jilP93Szt7DoBIAXIKJNuFLMalnxFCvmqTJbtNoR5FogO6lwuBSJy1xUz+mRY25lcB0eEGiJRMD0emQ/2RIOR5l6bM8WiKW5WpTaIDf2YIIVBlaiMgWREqMqKG+FtKQ76YyH6XstEm0ZkuTXb/s4MSAAIRvZVzVDMubglEzfdTGjII8TuV5x2qdInLJjvJKXrK7IqkaTLNMhhf6pDJ/oghjqQ0ZACSabONpyrfke5QM/8V7XMItIT0WqaakwIBBJMdEDrUA2AyX2RXpczu9oYL0e8ED+4HErhsil821LuHg4YMOSCaImXoHFzSHCA2B9KyspDmzwSnMoQFjBACuilAbHY40tIBmx2MDxwYm0wVIfi3hwMg8lAP4NwpmY5rVlwlpp59FnzpaV0A/PWtLXjhpY0IhSNwuxyYP3cmLr/4fOSPGYH9n5bitrt/AcSjAzK6hACyJNnSnfTsQFjfm/Ih/ciyC/Mrf/XomtGyPLhn47kX3sTvfv8XSOADuj6iczNsmHc0h4zfpExWH/KV6a7MDJ9PHSwYALBs8TzINm3A16sSkSkwL+VD+lNPU5l55uSJji9yb5rHBUke+PDljgBzagqQ/iZJpnkjc7NdXAg0BRLnBUPhGEor68D4iabJ43ZBDJR1EUBAOFOA9CNOp3NMfdAgd/9iPR5++m1s+ceBHt9v2PYJHvj169j6SRPuf+yVLtbVKWNH58Lkg9DIJCAxSQ0Ih5Tx9J+3oLk1hFtv+y7eLN6HuG4AAF5+632sXvsn3Hzr7bj3vh9jTP4ElFbW97h/yqTxPX4C56LfGIaAkGzAmQKkDzlSY4w7UlqGDRs2YNWqVZgxYwZKKzom/WePrcOhQ4exbNky7N69Gxn+DITCPZO3X114IWRNg8E4oNqRP2Es0jP9EFTpg/5SwRxIS2ZAhjSXlZbmWdHWHp4AANOmTYPL6UCg5iAUiaJ412FEozFEIhHMnDkTFUfLcPaELKSnubrudzg0TCwch9b2MO5YtRx6pBXj8vwwjCiamsPonSiOGTwkBHsyYiCUCgwTiN/rfsLhSrt80aLF5MK5c/Hqi8+gqa0C3/zGlbjqigWoaojAl+GHosgIBxuRP7rohDaKZk5B0cwpHQElZ3jjzbdx5uRxqKxuhRnXe10tIFGwlIb0IdV1TYdnTsq5E5Jqr688gFD957jjtpuQ5vFg+qQ8CBaHqUcgmUFce+VXIJ1koWrUyJEo+XgP3G4XDpbWgBnmCRoSIezXup68C1dDzjpsNPLx4vPz/m3ju5txz3/ciQxfOgDg6Wefwy03XT+otnZ+8CHOKJyAD3eXgMoqBKI9UhFcCNIeSu6M75AnF8FR9vGevfjm1Su6wGhobERrW9ugmzpWVY1du/fg6q9dicJxeWCsN+MSDICZzIAMuYZIFGMhALtds55ijuf+sB5LL79s0G0VzZqJry5eCLtdw2ULgigp2YcetQ6C6Kk45CTCuMidOvVMvPjya3jn3S348U9XY+zYfEyePHHQbeXlje4C9pJ558EQgnPREZvoJocgKEt2QIZ8CfeMMen3NraytOL3SrBjZwnKKhpRsq8cL7z8NiKROCaMHw3Npg7eEjKG4q1bGivq2tviTDgYF1QI4XEopDpiiENAcrKtIU+/TxyVFmFM2CXec36EABgIZE3DT+65CRfNnTWg9vS4gfvXPIlP9h5Ehps/+fFHtf8pnPIbaXZlnkwJwjpr100R5uCMCGIA2BqXjLva2tBy2vsQn10uCod1m1OlVpQAGKYAIKBIFDIREPEIfvrQk3C7XJg1Y3K/7bWFwrj+tgdQV1sHXTdR38DKGoFQuhBr4gafrmhymssmu2GDu/OeuMlH8xjm+x1GUVMENae1D6ESedAmE2pRUkDVsGLFInzrW8shOZxggoCAAEYMP1vzVL9t1dY1YsX196KuugaS4BBCsKjOdwNAIMI2xUwWSUi7ZSp57cpoQZSNyWDCh9apCzHZWqcAUe144pEf4nu3XINbr1uON9Y/irxxeWCgoIQgFArj4OGKBKSA408vvY0VN9yH9uYAJMsIR03W1hzuqscyCcgGvY+FeEUixKHSsX6n/Mhp60N8PnhkXTnkc6rZOuNYePl8+FwEkiwjHo8hFA5j8eWX4gcPPolwawu4ADwZPjx8/x3Iyc5AxbE6/GPXXvzfhm3Qo1EQ0+j6NXGTifao8XRThN3c2V+GS50kE1Gc7lCz+hpTMGoEDMafbQqbPxgqpz9kgPgdyJUkW0m6Q86Jmlw8vuZectakAhwqrUB5RRUWzL8AHrcTf9u0Hat/+RQkzmByAdVuB6USODMRi0QhywS028/gQqAlotfr1Jzc21FnuuRXnaq8SFOkPmlbWDdDUZ2XMm4sDURRedoAMgJwmC6lzNIQ4fZ6MWPqJLJz114wXYdqt2P5kovw2aFyfLLnAKhgA7CAQGtUD3LGr2mMsBPqekcB9phL2ZWmyZMUifZprk0mRGtUr2eELgiE9P2nDe31O+Vqv8s2wgoQIQQgUQJCOiY3bjJIlGAg1e9cCASjRpAB9zS1G30yALcbfptQPvBqSr4sEZKoHUoIGAcCUf1wU8goPG0CQ6eNzlEkaZJECSghoBYYQGctFcVAqt8ZF2iNGQHBxTeaQuaL/cYpOiJ2ib8SZ7iKEniYADFMrod13hyKm80xk38a0RkEuKAgDhulxVGTV58WGuJzqZMliGKvXc2UvgjfE4CQFdidDmR4yMebd1fPGOitmU7kgKi3c0BQwcp0U94WjMdLu8bmlq4njPyGUPrzppD+4GmhIVGdNdplqThmshlRwyQmFwYlxD4wrQCIpuG6lVfikQe/h/0H9jsCTc3lgbBZhgFkdCMGQhGd/T2qsy0RQ+yJMxboOTbxsUqV9aasv/dlrp8k0w4q6tXkOYpMbhNCzNUUyWFXJE9vcIQQgKzCl+HDE7+8FyNyO+q0yysqcO/9vzTe31vXIoTYzxi7C0BSl40mXeqktz9tjZnbAGwDoGTYxZKowX9OCQrddpUqkgzJpoJQilXfXoavX7EA3YlShs8HuwIlKysz2zDM7NbW1s2MsTWc80dSgPzzYrTq0ClFZk6ml07M92LF15Zh/LhRGJ8/+oSLj1VVY/Uja3G4ngEgUBQFmZmZ/paWlh/quh7lnP9quAAiJem43JTSHX6/3wsiw2kT8Dgo5s45D4qiWPSUo6zsKJ5Ztx4vvPwG9ldEEDOPawxjDLIs23Vdn805Xw+gbTgAkpTbogkhb7nd7stdLlfX+NKdwBi/CrumgnMO3WCI6gKVjTFEjRMpWjgcBmMMpmlC1/VWzvm5AEpTgAxeFsiy/GZ6erraqQ3/tP0zDDQ3N9dwzmcCQ59i75fZJNl4XJTSZ2VZViXp1FlTRVHg8/lyJUl6Ndk1JKkAoZT+2O12ZwohQMjglFcIgUgk0uf3qqoSTdMmUkq/mwJkYJJGCLnW4XDYvggghJB+AQEAj8eTRin9CYApKUBOrh3XOp1O72CBGCxoPp/PTyl9KVkJTdLQXkLI816vN5uxjjT7ypUrYZommpubB9xGPB6HoiigfWfWQSmFaZqSYRi7AJSnAEksF2madq3D4bCHQiGMHDkSRUVFmD59Os4991yMGTMGtbW1iEajJ/UjpmlCVfsvG5IkyR6Px9OEEC+mIvUEykEpfcLj8fg6KSrnHKqqQtM0PPPMM3jqqacwfvx4uN1uOJ1OPPzww6iurkZWVhbi8TiCwY5yXU3TEAgE4HQ6T8q6AMxIRpM15D5EkqR/dzgcWZ00l3OOaDSK73//+3j88cdRX1+PnTt3YvXq1aivr8edd96JVatWYfbs2VizZg0KCwt7mCMhBrbnkFJqA5CRAuREM/NfLpfL293xMsawbt06LF++vEONrW3ThYWFeOihh9DU1ITLLrsM7777LlwuV0+Vl2WY5snrqTVNcwIoSgHSUwoVRfF2OmHTNNGpKY899hiOHj3alQYBgN27d+OBBx4ApRRPPPEEysrKYLfbTwDEMIyTdqyqqotSujAFSE+ZpapqeqeZMU2zK3nY1NSEd955BwDw/PPPAwDq6+u7HHtDQwNKS0ths9lOAKSTqSVy+vF4DNFwuwgGWxsAfJ5iWT39xygi2NmKjCxZoiQWi0GSZPTOYXWCcOjQIQBAeXk5wuEw7HY7CgsLsX//8cIQxhgYY11AMcZgGDpkKqCpFFcunIPbr11MjOCxDz492vKdFMvqJoyxv82c5HJ965oVzy9ZfLl2x3+txebt+056X0NDAwCgvb0dLS0tJwR/sVgMhmGAguPMieOw9JLzccmFMzF2dE7XdevX/2lcMrKspKC9naUl1bXNGExSMR6Pd5m17ibL4/FAURQUZKu45/blmD3r3IShaIr2JkSD6KZhMOs/pyIFA5vNBkopKpsNPPuHF2HoRoIfngKkD0DEserq2ggAOOzagOOIAZlETlBRH8Vf/vp6omhUTgGSQEyC0uqaWgYAaW4HOOentP2GNo7Nxe+D9yp8zx87Rr14auacFCC95P19wUA4HBYAMDo365QDAhDEDcZag609Pj1v1jkZil26IAVILznnnBEOTevYqGnT1FNqsjolEmNGbzZWeqQ8GGmPfZgCpJekcePCCQXjbABQVdPYb+r8i0pcN4Ue7+nYPz9SGpcZ25sCpJc98bicjy67Ykk6ABw8UokvctzfSQNQQlh3UiWEQGuwzdx8sL05BUg3WXrBmIfnfuX8Ef4MHwCgrmFwcchAxW6XJa/Xc9xclZcDQiSduRqywHDJV/LuU6j0nWlTpzi+cdXX3AAQjcVhMg7yL0jmaApRsrKO72Tb9G5xoLW19bcpQAAsmJW1bHJh4T133H5zmtxNG8ora0GpdMpf+iFTAX9GOu3sK9jWhj179zb//ZOWTak4BIDM5YbDR0ob7rzrB1U/eXB11xaAYHv4lDIsTeZwqSZGpRMsXXhp1+/ct/9TYej6c0jSF7586Rqy4aOa7QAK55/tPiMnO3trTV2d8GdkELtmQzgSgWkYPKabx0CVkZAUWaIEqiLBJtOTFjB0ikI5po/3YOFlF8PjdmNO0Xld35WVlgfbI5GdSFIZsvSB1+v/9dVXLc9e8z9r4z+65y7by6+8jNuvuwJ7dr1X89aOirHImfYxMidMY8yAHmlGuL0OpL0BhOkggnPCzaAgNI1ThRIqQwgOIjgADkIoCoIyWppbxPSzphDabY9JezikU0ZaUoB0k4umOLPTfd6zGGeitqZOJSAgnJnXX3WpfPeeHRYVFW9BD02F5iVIGwWRNuq4jWkpbUJ7/WJoaa8ge/LoE7KSzEBx9f7a6Osb/rj/wIFbHv75A25CCCqPVWHypIneT/YfuAlovS3lQzrni9qUlpbWyKNrf1PhdrkDJXv26rX1DZHf/u737XFd/19rUrfDiCU+XVkIAVt6Oai0A3qC0iBJBpe0SLbfN+vmG65zm9ZRf39c/6J+/uxZqiLJy5F8dc1DB0jx3paq17aV57+2rXycruu2l//6WmVbW+iyD3aVXPvWzqpnOnRXVMPU4wkb4AyoQRCc7wNPsH7OORyyGc3K8k/Kzc3Bjd+5g3HBcayquv3Pf3m1TQgh5s1LTkCGOgUt4tHINNpad2zrEfScfCHTvtdHhAB2GxDT9IRkiZuQCA+7nA6y7oX1babJVM64BJDYPz7ctT3O2B+L30/Oo/6GfE2g+EBb4ndDcZ4DSbX1gYelFtIEJFrWYAbaDduew6VlhiRJu90u59nfu/u+M03TfPD19yufQhJL8p6FTuVzINvdCZWDiI6DkAkmQ06AmRlnIObuN7Yfu7Uz3pg3D3KyakXS5LL6FzICkkQSmSMI0lE7SsRoJDpWnBthMH6se/BXXJz8YCQ3IIS4Ey97EwCkY6IJTVxVLZgJQofle3GTWEPgSJhppASA0CzzlbgijkgyRPK/K2R4AUJh72OyAcBnmazENaOy5gSl56UAGaRRsvrv/CNAj5PIasD7OiOL2oAzVXASg0iwBq+5JVB6dQqQgQMhWQxPBWCz/lWszyUAFIwdgBlPjIjiVJBLZ4OQo2BGH1pEMzCqyJ4C5OT9yQA0AGkA/ACyAWQCSAfgBuAA4BzpMo+QSFMooQbIitcmkxUwjXcRa4sltmyqzS7CU5Hc74wf0jiEWP050bFRJtsCRAOgOxwOXlhYOD8jI2O+oii5BQUFUmVzWN286zNuCglcthNBJEhGOzJcCnLc6jiv13NJSVVACrfHhKn5CCQNECbkWECk2YVrhFuM3leNj9BxoKVIAZIYjNEAJgIoAOCXJMl51llnFeXm5o5funSpOmfOHDkjo+fGpuq6Bhw5WoWq6hrUVpbhaOkhafr06QuWLVsm+Xw+bPugBOvf2Iyyimp4PR58feFSookoXbt2bZ7VZwQdZ2iJFCDHTZVqacRkAGcDyCWEuIuKii5duXKlY/HixbSvLdE2mWLHlo0wDAOLFi3C9DtvB6W0ixPPPW8G5p7Xc8vgpk2bSCwWywcwEkCVBUrSa4r8JWkHBWAHkGVpxggA6V6vN/uCCy6wLVmypE9f9tlnn+HZZ5/FDTfcgIkTB/bGBNM0UVpaysPhcBaAMwCEABgAeAqQ46zKZsUP6ZYZUTjnNBgMkpdeegkOhwP5+fkoKCjosStqy5YtuOWWW1BQUDCgziKRCNasWYMjR46I5ubmkPUQ2JG8R1ENmQ+RutFbCoC0tbW1Hjx4UMyZ01HzvH37dqxbtw6MMeTl5cHlcmHfvn248cYbT9pBOBzG1q1bsWnTJowZM4a3tLRU67quW2Yq6TWjU6QvEQzN8iEjLQ2RAQhKKT7//HN57969hDHGp02bRoqKioiiKKioqOCBQADRaJQEg0Ewxjrera7raGxsxEcffYSNGzfi1VdfxbZt25CdnQ2n08k2b94cLCkp2QGgER37CCsts5X0PoR8SX3IVowxHsBsy494LY3pus7pdHodDofP7/d7DcNAIBBoVxRFnTZt2sQFCxbIgUAALS0tIITAZrPB7/fD5XKBc8737dtnlpaW8urq6orDhw9/CqDFAuM9AIfRcaKcmQLkOMvq9CEF1l+mFQTCmiSpMygE4LKuVwDQnJyc3MLCwsmapinWPnah6zqLx+Oh5ubmYFtbWzgSibSGQqFWADFr8qvQcSrpJwAarM95spss8iX200l93QA8lqOVu41BsaL3nE4WZoHTCYxstSH1yn1x68mPAAgDCAKoA1CGjiP96oYL5f0yAUG3CZS75a26JxQ7tchpmbNORpbWDRi1GzFQrHuZ5R8aANQDaLLMVYulKdHhFKmTIeqT9OqbdCMZ3ZOOWoLEo2J93qlhzJr4oAVMBEAcgD5cYo+hBuRkYyC9TFPv9HxngrLThHFr8nXLdJndQBDDCYxkAaS/cZEE4yQJtIz3AgHDDYhkB+SLjndYgtBd/h970lBgSwYWXwAAAABJRU5ErkJggg=='),(4,'camera','iVBORw0KGgoAAAANSUhEUgAAAGQAAABkCAYAAABw4pVUAAABhWlDQ1BJQ0MgcHJvZmlsZQAAKJF9kT1Iw0AcxV9btSoVETuIOESogmBBVMRRq1CECqFWaNXB5NIPoUlDkuLiKLgWHPxYrDq4OOvq4CoIgh8gTo5Oii5S4v+SQosYD4778e7e4+4d4K8WmWq2jAGqZhnJeExIZ1aE4Cs60IM2DGJEYqY+K4oJeI6ve/j4ehflWd7n/hxdStZkgE8gnmG6YRGvE09tWjrnfeIwK0gK8TnxqEEXJH7kuuzyG+e8w36eGTZSyTniMLGQb2K5iVnBUIkniSOKqlG+P+2ywnmLs1oss/o9+QtDWW15ies0BxDHAhYhQoCMMjZQhIUorRopJpK0H/Pw9zt+kVwyuTbAyDGPElRIjh/8D353a+Ymxt2kUAxofbHtjyEguAvUKrb9fWzbtRMg8AxcaQ1/qQpMf5JeaWiRI6B7G7i4bmjyHnC5A/Q96ZIhOVKApj+XA97P6JsyQO8t0Lnq9lbfx+kDkKKuEjfAwSEwnKfsNY93tzf39u+Zen8/culyp9yX4tEAAAAGYktHRAD/AP8A/6C9p5MAAAAJcEhZcwAADdcAAA3XAUIom3gAAAAHdElNRQfkCREGNQl71KcfAAAcAUlEQVR42u2ceZQU5d3vP1Xd1fv0MPu+AYoCExQP8GpcEI3igr6iwXhEb9QoxuWY1xuM5nWLWzxejQvGGxBFojHXLXhdUV8EjEZBX0QEHZZhBmaFmeme7pleq6vq/tFVRffQPTMgmBxvf895Tld1V9fyfJ/ntz8FOeSQQw455JBDDjnkkEMOOeSQQw455JBDDjnkkEMOOeSQQw455JBDDjnkkEMOOeTwA4ZwGM/tAuz69gCQyHX390dIEXA68G92u32qLMvjVFWtSvk9DmwFWoBeYC/Qo2/3DfluMEfIweGYvLy8S4qLi//N4XDUjB03zlNeXl7g8XisNpsNTdMASChKKBaNRgOBQCIYDCr9/f1KMBAgEAhIAwMDtnA4bI9Goy7jXkRRlC0WS0AUxUEgLAhCfyKRGFAUZUDTNB8QBiJAAAjpZPv1exrt5w+CEAGY5vV6L3e73bOmzZhhP+/88+vKy8osmqahAWgamt6Su5n307Y1DUVVCQQCDAQC+AMBQoODRCIR5HicSDSa3JZlwuGwEg6HE/FYLBEKh9VoJEI8HtdisZglHo+LiUTCIsuybdiHEIQYEBUEIQCEVFUNAf06uREgqM9S+QD6JqoPkIA+23cDuw5mAIyGkInAAqfTOXfSpEnqvIsvrpzc2GhFEMwO3Y+QYcgZlij9vxm3s+xn2o5GowaBxGMxZFkmEomgqiqhcBhNVQnr+9FIBEVRCIfDsUQiQSwWk2OxmBaPx7V4PK4lEgkhHo9bEomEGo/HLYqmCdFw2CrLsjSKvvMB64EvgI+ANSMRPRIhVwOPAS6r1RqVJCkiCIImSVLcarVqosUiul2uhFWSbA673epyu61Wq9XpcrmsFoslqdndbvMibrfbJMCAua13qtPlwulw4HQ6cTqd2B0OXE4nTpcLh8OBRRQzkj7qAZFC7MEMCGM7HA7j7+8nHAoRjUaJxmJEI5HkdjTK4OAge/bsYc+ePZosy4Y4HlRV9Q3gXqDpQAixAEu9+fln19fVjZFsNkWSJM1ms2mSJCmSJMWtkqQBxGU5nojHhZgsWyKhkBaNRMRwOGwDiCVHlkUAQdMvpmqaGA6HLSkXFlRVJRKJWEYzpe12O06nE7fbjcvlwuV243a7cevbLpcrbdsqSWYnupzOJAGAJElYrVYcDkfagDgYcoYbELIs09TUxOeff86OHTuMxwgBc4DVoyXkKUEQFsw+6yyxqKgIt8eDx+PBk5eHx+Mhz9jOy0vbFgUBYZjGcL/rFw4GgwiCQDAYJKEo+H0+/D4fPr/f3Pb7/aiqSiwaJRKNoiQSiWg0SiAQUMPhsBAMBhkcGBBDoZCYSCRGFMuiKGoOh0OVkgNOE0BwulwIIAiCYHE6nejijHg8jizLxGIxFEVB0zQEQcDpdFJQUEBFRQXV1dVMmDABh8ORRs7mzZt57bXXiMfj6HrrGF3XmLBmuL9ZwC+Li4s1uzF6DPGiqmiahqppqKqKpqooqsrWpiaOOfZYsFj262hVVdm+bRuffPwxfb29BIJB0DQ8Xi9ut5uamhqqa2qoqa6mqroar9cLgoA3Px9BEBg7duxoJo412w/xWIxQKEQwGCQYDKaJqUAgkByuoZAgx+OWQCBgdvBwUBRF6ff7Ez6fTwkEgwwGg8LWpiapubnZ2tzcnBQxFgtTpkzhtNNOo7CwEIDGxkZcLhfPPfcciqKMAe4H5o/0IFcAePLyBFKnbwaF3LZ7N8uefZZf3Xyz2flDCWlvb+eaq66irr6eCUcdRTgcZk93N709Pezdu5dwOJx28cLCQiorK6msrqa2tpaGceMYO3YspaWleDwe0MVNZVXVqKwWm92OzW5HstlY9cEHrFm9mtbWViKRCA0NDcz72c+4aN68AzWGLHpLQ7/fz/vvv8//efFF5dNPPhE3bNggbNq0idmzZ/PjH/8YgHHjxnHSSSexZs0agAuBa1N9r0xD4T3gjMbGRsaOG5cUV243bo9nn+jyeOjv7+eBe+/lyquv5hdXX71P7AwhpKWlhX8/91weeewx/v2CC5ATCRKyTEKWkRMJBoJBOjo66GhvZ/fu3bS3tdHR3k5HZyd+v59YNEoikRgqYvhg9WomTZ48Ys/19PRw+6238tHatYiiiCiKxGIxBgYGzEF2yqmnsuCXv+Skk09GkqRD4k9s/vprbrzuOvXbb74RAebOncv06dPRNI329nb++Mc/GodeBLw23AwpA3DqCnA/haaLqqWLFyNJEvMvu2zfzEja+WgphLz79tskEgkmTpqE3eHADqiqahLicrkoKi7m6IkTk0QlEshDPsOhEG1tbby3ciUr330Xj8fDwMDAiJ3y1ptvctvChdTX1zNx4kQSiYTZQqEQXV1dhEIh1q5ezdrVq3njnXeYPmPGISFkcmMjb7zzjnj2GWewfds2PvvsM2bo5zZEmI4pqYSIGRynKgCrJKXb/imf27Zto7W1lVmnnYbFYkFVVVRFSX7qhBnbu3fvBthnzegj3Ga343a78ebnZ235+fl4vV6KS0pobGzkpv/4D4qKilBVlaOOOirNfB6K1R9+yNVXXEFtXR1utxtJktKa2+2mvr6eqhTR16bf66FCXl4e/3nnnQB0dnYSiUQQRBGPx4PNZvqv44bTITZN04oArFZrmr4wFLqmaXy5YQMAx02btt/sSG2aIOCwJ+OLg4OD2Txns5OA5AjWZ09Cls1ZYnxnsVq55KKL8OTlpV3bEJUG/teDD5r3bT6s1brftQsKCujs7ETTNPz+Qx9ZOfmUU8zt3r4+6txuNKCgoIA9e/YAFA9HSDkgiKJo3nwaKbp11azb0/X19cMSgiCg6B3y1caNHDt16sjmktWa9A+S1kwaOaFQiN6eHjweT7oBMURUJmTZHDSGg5p6/rR7BGw2G7FYbD/CDknI2+XCYrGgKArxeNy8ZmFhoUGIM00/Dvl/pWGZGA6UafKmmL19fX3olpgpmjI1TVXNGfJ/X3/9gB/GYrFgdzjweDx48/PZu3cvqqrSsnNn1uupqkosHjfFWSgUynheg3hJkhDFZDfU1tUdloChIa7jsZg5EAr26RHXiIRIurhiyOzQdNGjOzZ4RyBEVVUadD/is3/8gz899RRqigg5EIiiaM7MWCw27DUdDgc1NTUAdHV1ZSXbEJWapiFJEscdd9zhIcSIEOg+jiCKFBYUZCQkk8gyp/lQcaVpGoO6dSNJEhaLJTlrsogsQRA4ddYslixeTM/evdx9xx08tWgRR06YYI5KRVEQRdH0dm12O5IkUVRURGVVFTU1NRw9aRINDQ10651bXVubUWSl6q6fXnwxf3j4Yfx+P7t27aIuw+gXRRFFUYhGo1xy6aXkjxlzWGeIw+FAEEXQNNPSEgTBk2qcDCUk3yQk1YJJMXeNbw1v3eyELIS43W6e+/Of+ccnn9Dd3U13VxeyLKeHU/T/BoNB+nw++v1+OtrbiUQi5i04nU5UVUUURS766U+HJUQQBK6+9lo+eP99vt60iZaWFoLBILW1tXi9XlOOy7p+uuKqq/jdvfcethyHMcDtdrt5v2P2kV8w3AzJM06QMfSd4kka8jpVOWaLUxUUFHDunDnZY1lD/ot+vl2trXy9aRM7tm+nr68Pr9dLVXU1dXV1IxLidDh48eWXuf+ee3j1lVfo6+ujr68PURTNDpo2fTr3P/ggg4ODvPrKK3R2dtKlm6dut5s8PbwzYcIEjp06larq6oMWt4YrYfSVMRs1TXMDNj3RNgwhGcSVpmnJKWc4d4kEFoslo0OYrWmjJEQQBOrq66lvaMgYHzPPNcxA8Ljd/P6hh1j4m9+wds0avtq4EUGPk/X19vLNli2cO3s2RUVFVFVXm/rE19fH3r1793M+xx9xBLPPPptz58xhyjHHjBjzMgnRj0uNk+Xn56dGS44ENmcixAogppiKaeFoVU11aOjp6aG0tDStUw6KlCw+jDCa6PEwhBjHFBQWcsGFF3LOnDk8/ac/8dXGjbhcLmbNmsUNN95IcXFxxv/6fD5aWlr49ptv2LBhA1ubmnjy8cd58vHHqa6p4Yorr+TnV11l5nmyJp30QaxpGqL+bDabDZfLZcTyJmUjJGYwmprASSXG4XQmO0zT6O7qSj5MBqV6QKRk6dRRnWcEQozz7N61i5tuuIHzzjuPBddem/57Fo+/sLCQoqIipk2bxv/4+c/p7u7mw1WrePutt2hva+Pe3/2OJxct4trrruOX111nugtZYUgY/Xr5+fkGIdXZzN6orgySf8pg9gqCYFoN3d3dw/oDI/ko39cxaz78kCsvv5z5l13GlGOOySqOR2rl5eVcOn8+z//lLyy85RbKysrw+3z8/r77OOO00/h606YRdYkxCERBSBVbZdmUeoShzmCG8ElxcTFtbW10dXYm5XkWL104hCNcGMEgyHbM+++9xxOPPcb/XLiQkpKStNmwc+dOPv7732nesYOuri58Pt9+oZWioiKqq6uZetxx/PjEE6murka0WPjJmWcyc9YsXnnpJV544QWavv2Ws884g9tuv53rbrhhv5lBhvBOiqWVlZB+wzfYL0WZQkpJaSltbW3s2rUrKyGj1gOjIIRREJLpeqv+679Yungxt912Gy632yQjEAjw9JIl9PX2UlZWRmVlJfX19djtdqxWK4lEgkgkQmdnJ9t37GDjxo1s3LiRZc8+y6mzZvHzK6+krKwMSZK49LLLOPGkk/j9/ffT3NzMPXfdRW9vL3fcdZf5fKp+XWOGGOS49fyOXteWkZC+NB2SIW+sAaUlJQDsHoGQUZECB2+dDSEklbgtmzdz68KF3HPvvclUqqqCIBAcGOC+e+/l9NNPZ/z48Wm+gs1mw263Y7PZzGaxWPjyyy9544032LJlCx+uWsUXX3zBf95+ezJLCtTV17Poqad4+KGH+HDVKp5atIhwOMyDDz1kWKQqIKYNHk1LNZBs2XSIzxixQ0tvtBTnsKS01Awpy7L8L6MrjGN6e3v51Y03MnHiRMrKytJm+JLFixEEIY0MURTNMIoR3zKaw+Fg5syZLFq0iFtuuQWXy0UwEOC3t97KeytXmueVJIlbf/tbjj/hBACee+YZPly1yvDZNFNkpegR275kmJSNkA6AaDS6n3WV2kqKi81Q+a6Wln+eAk/JwaQec/edd7J3714mTZ6cdt8ff/wxGzZs4Cc/+UnaQw/NlQwlxWq1YrPZuOiii1i+fDnV1dUoisKjjzzCKy+/vM9HEwQW/uY3FOv98/v77jNmiGZIntRCkBSrzJqNkO2AZhQDpNUuGeESTcOdl2dmFLdv3z5iR462HQri+v1+/r52bTJSWlFhPoPP7+fPy5czc+bMtMKJTARkasYxEydO5OWXX+aII45A0zSWLlnC22+9ZV4nLy+P+ZdfDsDXmzbx2aefommmEslYaQMo2QgJi6LYHYvFiESj6aavqqbtl5UlDYPmHTsO2Qw4FMT19vaaD+POy0PVNBKKwlNPPklNTQ2nnXZaWm5kuFmRjZzKykpee+016uvrAfjjokX89xdfmCL9zDPPZIwezX3j9ddRdD4sqWSIIvK+WoFA1hSuqqpfAYQGBzOKK1Unp9QgpLn5e9cVwzXDKzaSQ6qq8tyyZXR3d3PKKafQ3t5Oc3MzTU1NtLW10d/fP+KsyLRfVFTEM888g9frNcVXKBRC0zQsFgszZ85MppJXrQJNUw2P3SBD1BNpQwnJlCL7FJgdjcX2JaiGkKFqGqW6Ym9rayMWi2Gz2Q7cS/8u1lkWH0bSs36CIOB2uVjxt7/x948+AmDx4sVZc9/jx4+nqqqK2tpapkyZwvjx47OSJAgC8Xicmpoa7rjjDhYuXEhPTw9/ef55rl6wIBm4nDaN11esoKWlBYfDYU017w2kzJD+4Qj5B4Cvr49xY8emh1BSxFdlZeU+xb5rF+PGjTvw0MkIPsjBmMwFhYXJTKPdzratW3nn7bc5//zzqaioMMtQ+/v78fv9+P1+fD4fvb29bN68mS+//NLshJKSEi6//HLmzZu3HylG9aIsy5x++unMmDGDdevW8dFHH/GLa65BA8YfeeS+8Ec0ajEJEUUE3XoNBsyJ0TYcIesAdWBgQAyHw0kbfkiRg6ZplJWXI0kSsizT3NxMQ0pUlkMUGDxYL728vJxIJMLzzz/P9OnTmT59epr3XVhYaI52QwwB7N69m02bNrFmzRp6enp45JFHePPNN1m2bBnVejTYICK1nXPOOaxbt46enh6ad+5k7NixeL1ePB5PWnFHmmMIZioc2JFVhwADgiBsNv6QKXSi6lHLmtrapK3c0fG964rhzlXf0IDP5yMSiTB79myTCJvNZlbVpzaHw0FeXh5Tpkzhiiuu4Nlnn+W8884zS55uvPFGM7spp1TCGNszZszArpuw327ZYvZXRUXF0BKbfWavKKYSsn04QtA07ROA/v5+0zvXUrKE6HrkqAkTANj01VcoQ3yCw67kM/ggRjMSSccccwwOhyMjEY6UJQ9D25gxY/j1r39tkrJhwwYee+yx/WaGQYogCDQ0NCSTart27TOBvd798iIGGYqi4Pf7EQRBBZqHJURX7Pj9frPCO83s1TOGkxsbEQSBvXv38tVXX/3LRH0NP2T69On71pnY7QwMDBCJRExdMhxBiqJw9913c/LJJwPwxBNPsG7duowiS5Zlk5C2tjbT/FUUJb1IOyXLuXvXLhRFwW63N6UGdbMVIq03FLbf78flcu2rejcq3zUNr9dLRUUFnZ2dvPP22zTqBB1MHOpQ5VB6envp6urCZrNRX1+PzWZj5cqVrFy50oxAWK1WKioqqKqqorS01IxfiaKYrP3q7WX9+vUsX76chx9+mLPOOou+vj7uuusu/vrXv2acJUbkdlB3F4z+S5M8imLmQ7Zv22aIwVWjKePfptvG+f1+P5WVlUmTN0Pk94gjjkhGRbdvp7W1lbq6utFHa79LYisLIZ0dHcnymfJy3G43LS0tvP7669hsNtxuN4lEAkVR6OjooL29PU3hWq1WnE4nwWAQVVW5+eabWbVqFQ888AALFixg69atvPfee5x00kn7kWJkDWPRqElIMBhM9/FSUrjbtm83Ci1WDVeXlZoKWWeEqofWaKWKimP1iCfApk2bRi9yhtEB36Xp1YCm6DFMWa/XS2lpKeXl5VRUVFBRUUFZWRklJSUUFRWRn59viirD6uro6OChhx7i9NNPZ7Jeaf/0009nFFnGfwzpEYvFzMGRGhc0VwXs3Ikoioq+7nBEQgBWAvh8Pk2W5Yw1vkYWbdy4ceYF/9lR36GlQ8YyMofDgcViMZtRfZK6b3xniDCA5cuXs23bNi699FIzqbV58+Y0K0ve53HjyctLrp1pa0NRFARBwGq1RlM9dSWRoL+/H6/X+3Gqlz4SIW/pMk7o6uxM89JTO17TNObPn8/xxx/PiSee+E8PxRtVlUbgcOfOnWZN1NCOH44cQ6coisK7777LiSeeSIEen/rkk0/2M30N/eTVCdmyeTMAE446ClEU46me+uYtW5BlmYGBgf+9X5p3GEK2A98C7NixQ1EVJY2MVFLy8/O55JJLcOnFbP9MUoyaLqMWyhi9mqYNOyuGkiNJkulHbNu2DVmWmaoXi2/dunU/kdWhi6f6hgY0TWNtcoUUF8yda+oUq9WKKIq8v3IlFoslrCjKGwdCCPqSaEKhkKWpqWk/PTKciDqsoXhd/2Q6RkwhpKSkxBQ98Xh81CLLaIZeCIfD5hI4o/xpqJW1XVfSU6dOZePGjezYsYMjJ0zgggsvRFVVwahi6ejoYMOGDSiK8sTQGobRELIM+G+Ab7/9Vtuhh9qH6pJ/JS/dmBkDAwM4nU4m6M5rKBQalozUfeM7o3LeePFAXl6eSW7q7Ghubqa1tZXJjY3U1tWx7NlnKSoq4uE//MEwbV1GfOz1FSsUnYhHD2j1qhGQBH4GrAJq169fT19fH40/+hF1esFz6kz53nLpWSodBUEwy0S7u7ux2+1ccMEFfP311wwMDCTLb3TChkZeh+4bpBph/EgkYhoMTqcTWV+vsmTJEr755huqq6u57vrrWfr006BpLHnmGcrKy41FQBaX243P52P1hx8KmqY9TfJlOwdMiBH4Ol5n9KLm5maxubkZp9NJWVkZFRUV1NbWUl1dTWlpabK09BCU7xxspaOxUjcejxMIBJg3bx4PPPCAuc7cqRf6DS33yUSOsXTC6/USjUbNFcPFxcXIsszy5cvp6upizpw5jCko4LllyygpLeW555/H7XYnl/TtSi5DHzt2LM8sXRrUNC2hL4fmYAkB6AQuBhqAmU6nc3Y8Hp/R2tpa19rayqeffmoqrfLycqqqqqisrEx+VlUly/C/By9dSwl4Aqxfv55zzjmHefPm8eKLLzIwMGASZhZz6CLJEENGTC61DteIHvf395v7r776qunjfPrpp0yfMYNrFiwwl1oYBobP54sBdqfTyefr1+cBv8g2Ow6EEAMtQEskElmm7xfrdakT7Hb7FEmSpvb19TV0dnYWq6pqFgjn5+dTUlpKSUkJpSUllJaWUlpaSnFxsZnwOVSJrfz8fBoaGkwPfdasWVx11VWsWLECn89nvu4iHo8TiUSIxWJZH9bj8XDmmWdSW1tLJBIx1yB++eWXdHZ2MvfCC7l0/nwKCgvTyntSxffOnTujgG3b1q0R3dleNmwd8GFaEiHq9apjgbFut/tHVqt1oqIoY2OxWIUsyy7jlRaFhYWUlpYKxSUlePPyGDNmDHleL2OMVbj5+aYYZBSECILABx98wJ+XL0cURV566SVqa2vp6+tLrllMJFD1onGjIC4UCpnLpXX/wCwNMsLuAEuXLqWlpQWAo44+msefeAIxw9srjJZIJPjp3Llhn8/ntFqtnycSiblGZc+hmiGjhUrynVG7gTUZ1vkVAONVVR3f29s7fnBwcHJzc/ORQJksy0WqqtqGjFTF6/WKBQUFgsPpxKGvsjJWXNkkCZfbjd1mQ7LZkgkomw05Hueee+7h0UcfxWazmT6JQYRBgrG027C2UmNeZhV6LEZ7ezuCIHDCCSdwzbXX7nvdSBZCXnzhhXgwGOwHrkgkEn9jFK85PJzvXPwu8AJVQKk+00qBMQ6Xq1KyWMpEUSwBChRFyVdV1ZVIJOyKokiKomQ040899VRuuukmc01L6mzItD00bA6wdu1a3n///Yw3q78lySxBcHs8yuTGRn9ne/srTU1Nd5N8qdmo8K9KyHdBAcmXb7qAh0i+T4Rjjz2W66+/HkmSMpKQjQgDjz/+OLFYrD0QCMzVRXLekKWAor56oEdPOPUczM3/EAlJhR14EZhrGBdz5szhuOOOQxAEk5DhVgb39vaqK1as6Orv71/f399/ZWqFyOHAD50Q4xl/BdwJjDEiv0cffTQ1NTWUlZVht9ux2+3m2+D6+vro7u6ObN++3RcOhzdGIpFbjRVOORw6FAI3Ax/pL8LUMjVJkuL5+fkbrVbrr3U99r2Pnv8fYQHGlpSUjCsqKqqx2WzWgYGBjq6urs3RaLRVtxJzyCGHHHLIIYcccsghhxxyyCGHHHLIIYcccsghhxxyyOGHj/8HpLiOLI+vCaAAAAAASUVORK5CYII='),(5,'tv','iVBORw0KGgoAAAANSUhEUgAAAGQAAABkCAYAAABw4pVUAAABhWlDQ1BJQ0MgcHJvZmlsZQAAKJF9kT1Iw0AcxV9btSoVETuIOESogmBBVMRRq1CECqFWaNXB5NIPoUlDkuLiKLgWHPxYrDq4OOvq4CoIgh8gTo5Oii5S4v+SQosYD4778e7e4+4d4K8WmWq2jAGqZhnJeExIZ1aE4Cs60IM2DGJEYqY+K4oJeI6ve/j4ehflWd7n/hxdStZkgE8gnmG6YRGvE09tWjrnfeIwK0gK8TnxqEEXJH7kuuzyG+e8w36eGTZSyTniMLGQb2K5iVnBUIkniSOKqlG+P+2ywnmLs1oss/o9+QtDWW15ies0BxDHAhYhQoCMMjZQhIUorRopJpK0H/Pw9zt+kVwyuTbAyDGPElRIjh/8D353a+Ymxt2kUAxofbHtjyEguAvUKrb9fWzbtRMg8AxcaQ1/qQpMf5JeaWiRI6B7G7i4bmjyHnC5A/Q96ZIhOVKApj+XA97P6JsyQO8t0Lnq9lbfx+kDkKKuEjfAwSEwnKfsNY93tzf39u+Zen8/culyp9yX4tEAAAAGYktHRAD/AP8A/6C9p5MAAAAJcEhZcwAADdcAAA3XAUIom3gAAAAHdElNRQfkCREGOAC3pmH2AAAPCUlEQVR42u2deWwc133HP2/24C5F0iIlihIlNVas0xakRBHiWm4hxIjToHCLoFZaNz2CHmnRon8YbSogSdOkaRGjadIGtdsmbhI3tRsHqRQDzuXKMVy7saRati46lkRZx4qUSEq8tOSeM/Ne/3hvTy3lXXF2d8juDxhyrp3j932/3/td8x60qBraBGxpscE/9D/AHY24kdXi9dvSbkAB51qs8Ae9CuxosaHxFAU2lu17F3C0kQ/RUlmlvPg08AKwDWgDfhl4rMWa5lIv8CngS8AY8N4WS/xBHwfOAM8A+4G+FkvqTyGga45jKeBjZn0r8AMjNbe12FY/Wgn8K/C5Mkb/jjF1y+ndRqW1qM70XuAV4ItAJ/Bj4MsttjSf3g88b6TjIWNpNZQCLQxK6DywC4gDA0aV9QGHW6xpDoWNdPxu0b4/Bs4CHwWCLRZ5Sx3GUto5x/HHgWvA7WX7BfB7QE+Lhd6SMJbVl9Axql1Fx1YAF9CR3RY1gZYB/wI8AXwAeNioq10t1jSXVgF7gKsGkP4WS5pPGw0YnzIe+ZPGURQt1jSHDgIJCvGq9wDfAP4O+FVjDLSoQbQTSAPfrmDWrgR+3RxrUYPoKcA1/kaLmkxrgCHjmYf98ED/3zOGP2dA+Q6QbbXP5tOYsa5ayScf0G8bMA746aEaFSwTRj0Kn9j2NvAZs/5NdOZwLlJmkVROWnnOqHrRHejqjX6jEvqNs9VJc8P+CliKLvERwGvA7BznusAUMGk8+avAm8ZvsReKKvgoOpcQMx2lWmRLHJ03ecLPDqNlLJaxRQjAzZac/9LpN5X1z8AfzKmK7v812Ho3rFyrbymKFl+SAilBKXBdeOsE/Pg/4dJbc/3gFaMZzvkBkP9C56ILPo0VgNXr4I/+Bu64y9xJVNbmfqTyR1XmQbNpePof4YdPVnqTGXTkONlMQB4GvlBipWy7Fz7wYbj3F3Xrch1Q0B8NcV9HiBXREO3tITrCAcIBi3BAgCroAFFd+60aTFUD6gqwpSLtSBIZl3giw/mUw3MJG7IuWAJCbRA7DS99D555vPwS59A1XOlmALIcOEIu3RkIQU8ffP4/YGkvQkmUI1nfE+XP1i1lWTRERyiQB2D+jK6ezbUIYk4YEAKlIOlKEhmHV8eTPHZhCiEEyrLAzmhQvvqXxT+XwN8Cn2wGILmSmQI9/hL09IKUBCzB3vU9vG9VJ45UhRf1uEXXzOhbvGZACCZsl78aGON80i6o5sc/BweeLj71AvCzxkRuKCBPAr+Z39r7KNx9P5brIIXgi3f2sqk7gitV/k6qylvWJCnVoiJqlRRVgVmCrFQ8cXaC5yeSYFmQzcBv3PD5yH3Ai40G5DK5dGdbBP7peejqBlfxmbt62dbTjix7KWVetNp+opY+pdpzi9rHLV/TBX7r+CikHd2vnB2ATz5UfMrXKNQFNyx0UiiJ+YWPQLQdgPd0R9jQFSHtSm9UTQ0n1kPdqTla8Rc2LWPviTEton1rIByCbN55392MWFbBzO1bC+EoKMnu7ii2Ujd9Y5FvgaoGZnvHaFEkAVWdW+H+t4UCvK87wovTaWiLwv0fgR98M3d4dTMAyZJL6lgWCAgJQaQtgC2Vt62/5g68MZKyravNABKBVe/whK/zASQG3FWskZcAliWwlaqtpdbAFSXqAWC1z1p4LwFYIYugEDhCQKAkSOE0A5CX8oCkZrUTGLCwlcKWqk4+RQ3gNUJSLIuo0C56GU03A5D/JVcYMHQOMiky7UvIOEWA1EGn1wxKXQwIfaabsxiVAqckGn+mGYAMFNZ+AtmHSUXbSdouWRW6RZ/iFlq0qPLcKq5dC9AIQcZVOhGfTcO1K8VHf9IMQApiOT4G0gUFyaxLtoLJW7cOXDZHWoTSMa+MUpDJwODJ4sOvNwOQFDCCjnBCWgc5L6Ud1sqbBHebGEKp+v6iOmlJZR19nmPD6dearrIS6A9ZNCBnjkL/7cQyLjulxBJ+1f/eXXci61YSU5t5hODnKyFD+a1DB+C+PcSyLlmpCNwk+eRHn6LWfkUqGM64ICy4WCIQl5oFiFPSjxx9WeuprEvKlbRZ1k1fvPqgYL3M4ioj0KIyiFIpLtomR3LileJDg80CBOBKSQwumwYCXEk5rGkPVfXCqoYTqpUWT1Wdqtz/SAUZW0IwVJ5BHDHaoymADKCTMtpNPfcmbNzOcMphZTSI63UIvU79Sq1qUQCzjtSo3GjmxZlHcnq+gJwyD9CthfUYbH43w2mHd0lwZI36X7z9qyhRPYJ1AVroP1dSjo7hjQ6VX+b8fBg6X0DeKnHNYoMgBFMZm6xSuEr5wKdQnkcALAFjGQPImePlFtaJZgICkCnYXcm8gziZcWgPWp6ambdKyuPwvQWMZV2dwi0FJG469aYC8irwSwDMTMP0OHT1MJWVhCwrr59rtpREUSGwMaFtqUi5kpQjsaXEleBKRblmtISOOgcsQcgSRIOCaCBAsMhiulm/oarQW1lHQiio37lAEWC02YAcyAMycgmmNCAztkt3uNT0rdbqyp2XdCUTWZfJrMuk7Wrzocr4VUUOW4Ll4QDLwxbLwgECwtL1ejWCknCMQzhzHZKz5VYnzQbkUH5tahRSCa29bJesLDN9K9j0OWZkXEXGcUk6knFbMulIXT1IEcdutQJAFFrEeNphPK3XRdCiP2TRHQoQDFq0B60iu0JVbEQCwYxtWsbUVRgvweBlPwByrNRd1GHohKvVS0DM3ewkgvG0w1TGIeEqHagrefs6lJqKwrWVVFzOuFzOuAQELBEWSyMBlrcF9XOrCo8tFMm8hEzDcEl56Yt+AEQaz7Q9b2nduZOE1OHpYFlQS5oE1mjaZTzjzK/le0iugriSxBOSSwmbZZEAfeEgQUsgiqIFQkE652A59tzaoomA5KTkXgBOHoQPPkRWWWSkRAmBQJByFYmsy7QjSeTC836stTbPNJFxmci4dAUsbgtbdIQCeQ89lSvEnryhFu6CXwB5LQ/IsZdBacsn6yocBWNph5mcmC8wiruSeEoSTLusjAYJCshI4zSdLhnSd9SL+3kFyJul8u9AMEQs7eC6alEMUOEoxXDCJhgQuEppUTlQMp7A617cx6vPosdKti6eASugy0gX02ghQoeDVGV16ytAJiguwT95UIcVFisJUan/GPQTICPAeH7rhX06cbNYyQroRldKk34C5FpJpzZ5Ff9+HuUF1yydIS3QjOGBbwCJUz40xdXLPv6G0AOVVSohY0ZL+AYQbmghlwYXKSBCx7BKabxEZfsEkCMlW6PDLMoB2YSAobM3OPoUpyF8AsghCvFYyKRYlCQEXL7BIfdsOiQvATlWAsjUtcUJiqA8BwJ6qA3fATJV4vnHzuRD8YuKHKf8vWx06Mh3gEBxCeUbh/UHkYuNZqdhsCRtG8LDeaq8BuR7pbbHyOKztNKp8sK4aS+dLq8BebZk6+t/rb3aRdN/WHD2ZPnepzz1OT1+5J9S/EFRbBBOHoLAIplUwBLw5Y+X7/26nwGJA/tK28/f5z9VWNAUDML+G8Y2GQYu+hkQB/gRxZHfcwPwo28t7L5ECF2h+P1/L3+P/cB1L29VDwX/Jnquje78npMHIRyB7ffo5NVCIynh0U/AxVPlZv5e9IgWvgYk17n/SUECBQwc0iPobNmxcPoUIcDOwuc/BicOVopMPOL1LesFyDQ6+vv+kr2nXofEDLR3Qv87TI2nD8P0VkB/ZvDGEfjqZ+GNVymLy40Dd1OHgTDrqdjD6KrGG8f96OyGd94Jv/8XegQEXwAjCuNonPsp/NsjcOkcpGYqnfwAeloLFhIgOVBeQo8fNTc9+Ifwzq2wfBW0tTU2t6WkltrxEd3XvfjM2/3iH4A/XcgGYzfw31Q50qfl71FIH2GRkGUkJf22L93To767aZO6f/VqPwGRRY8t2RBGNcRwNH3Jp425eFPLpnNqinQ67ZfG9AZ6MLK9LFJahp4QeO4WGQw2WyIkoLq7u5/Cw0GS/dCpz92PP/ig29/fb01OTnLq1Ck1Ojoqrl+/TiKRGMKjdGi13XowGFy5bt26zpUrV6p169aJnTt3sn37dnbv3v0M8CsNjdA0CY9NO3bssB544AGmp6c5cuSIuHDhAvv3748lEokP41EFR5VkK6U+tHXr1q9s375drFmzhrVr19LZ2Ql6EoHbvA6P+A6QYDC4KxKJ4LouMzMzCCGIRCKMjo6eQGffGuqUuK77tZGRka9s3rwZ27ZxXRelFHv27Ll93759XY0EpCnlhZ2dnbuWLl2KUopEIkEqleL48eMu8ALNqbCThw8f/rZt2yilkFKilGLLli19QFejzdGGUyQS+fne3l6SySSzs7Nks1mOHj0q0IP6N4MU8MORkZE8IADr168PNLpTb4TKEui8c5v5P6uU2tjf38/ExATJZJKhoSEymcxl9EybG9HzB3ai5+dYYmJuYXOtILoOyiraFsZXCJj9LoXpJCyz7phFoUcymjXLNXTE1nnuuefi99xzT1cOkGg0CrADXSuQq72yKa6uWQCAdJiX2GaY2Y0eH36DYXRPJBIRoVCIZDJJIpFgbGyMZDK5FvjsPO67ZL4PPjExQTwez38yHQwGAR41z3UVXX913oCYRle8v4ZHH+t4CUjYPPSHDGP6jDRU/H52xYoV2LbN7Ows8XicoaEh3zhJx44dY/PmzUgpCYfDbNiwwTp79mwv0Ise9LO4j3MMOHEDzJ/PFxwv+pDV6NFvPgFsAX7GqKc5JwHbtGkTtm2TSCSYmZlhYGDAN4AMDw/jOA5SSiKRCKtWraqkgkWRKu4HNqPHwR9BT+HRVECywOlafrBhw4a8dRWLxXwVRhgcHOTq1asIIejo6KC3t7cmn4Z5lpV6obKuGVHehZ43YzMQBVZQSICVSEkoFOL06dPEYjGeffZZXwEyMTFBLBZj+fLlRKPRSkNwqKL43HWzjACPAU/7NXTSjZ4C+06z3o4em7G/ra2tL5PJLDMecJsQwlJK+aYCQgiBUso1/UOcwpR5V4w1NosudTqPHudleKHGskJF5m/YrAeKJLXLBB6Xo2de6DD7us3/JRQmnW836jYn4W1F5nC6qMNVZtstMnPjplXH0anm64bpE+jUrFsUYHSMSs6Y/3WfL/f/ALe8CXoIeT1yAAAAAElFTkSuQmCC');
/*!40000 ALTER TABLE `images` ENABLE KEYS */;
UNLOCK TABLES;

--
-- Table structure for table `signup`
--

DROP TABLE IF EXISTS `signup`;
/*!40101 SET @saved_cs_client     = @@character_set_client */;
/*!40101 SET character_set_client = utf8 */;
CREATE TABLE `signup` (
  `id` int(8) NOT NULL AUTO_INCREMENT,
  `event_id` int(11) DEFAULT NULL,
  `user_id` int(11) DEFAULT NULL,
  PRIMARY KEY (`id`),
  KEY `IDX_4EA31EEF71F7E88B` (`event_id`),
  KEY `IDX_4EA31EEFA76ED395` (`user_id`),
  CONSTRAINT `FK_4EA31EEF71F7E88B` FOREIGN KEY (`event_id`) REFERENCES `events` (`id`),
  CONSTRAINT `FK_4EA31EEFA76ED395` FOREIGN KEY (`user_id`) REFERENCES `users` (`id`)
) ENGINE=InnoDB AUTO_INCREMENT=1001 DEFAULT CHARSET=latin1;
/*!40101 SET character_set_client = @saved_cs_client */;

--
-- Dumping data for table `signup`
--

LOCK TABLES `signup` WRITE;
/*!40000 ALTER TABLE `signup` DISABLE KEYS */;
INSERT INTO `signup` VALUES (1,216,195),(2,229,4),(3,239,130),(4,193,17),(5,240,217),(6,162,102),(7,175,256),(8,185,205),(9,157,199),(10,244,123),(11,198,45),(12,216,200),(13,156,98),(14,200,243),(15,218,204),(16,205,167),(17,176,1),(18,196,252),(19,168,112),(20,229,282),(21,240,97),(22,156,87),(23,187,259),(24,153,262),(25,219,277),(26,231,79),(27,237,268),(28,160,22),(29,162,228),(30,246,71),(31,154,171),(32,184,41),(33,236,172),(34,185,264),(35,240,13),(36,161,46),(37,172,273),(38,162,259),(39,240,179),(40,242,234),(41,165,11),(42,203,222),(43,188,219),(44,211,233),(45,166,283),(46,226,223),(47,241,257),(48,158,107),(49,200,267),(50,240,122),(51,176,253),(52,241,241),(53,208,39),(54,165,215),(55,204,19),(56,153,224),(57,249,68),(58,247,9),(59,217,134),(60,153,241),(61,157,44),(62,215,241),(63,154,18),(64,246,31),(65,180,47),(66,200,246),(67,245,72),(68,186,251),(69,163,276),(70,212,47),(71,163,207),(72,227,90),(73,177,91),(74,189,5),(75,239,94),(76,251,76),(77,220,281),(78,170,218),(79,170,48),(80,155,105),(81,239,111),(82,181,8),(83,227,255),(84,155,126),(85,193,234),(86,189,275),(87,195,24),(88,244,206),(89,191,95),(90,169,172),(91,208,188),(92,171,68),(93,194,68),(94,209,226),(95,190,67),(96,245,47),(97,241,193),(98,176,54),(99,174,255),(100,208,111),(101,224,225),(102,245,282),(103,187,116),(104,245,211),(105,180,173),(106,225,280),(107,169,55),(108,191,150),(109,246,115),(110,180,242),(111,210,103),(112,223,91),(113,180,183),(114,200,203),(115,155,267),(116,251,164),(117,229,23),(118,180,252),(119,228,142),(120,175,11),(121,224,74),(122,170,152),(123,191,71),(124,173,104),(125,239,158),(126,218,54),(127,237,95),(128,171,85),(129,159,87),(130,227,283),(131,235,224),(132,210,192),(133,225,220),(134,227,69),(135,251,5),(136,215,211),(137,184,106),(138,222,59),(139,182,61),(140,202,80),(141,226,276),(142,164,188),(143,209,4),(144,215,57),(145,193,66),(146,222,117),(147,154,3),(148,164,263),(149,248,43),(150,183,142),(151,176,282),(152,225,184),(153,239,251),(154,215,163),(155,182,127),(156,190,209),(157,223,278),(158,191,201),(159,208,193),(160,168,263),(161,189,157),(162,223,10),(163,152,160),(164,179,65),(165,247,158),(166,236,271),(167,163,54),(168,183,25),(169,240,221),(170,153,189),(171,173,229),(172,218,164),(173,166,81),(174,238,168),(175,251,223),(176,179,73),(177,187,214),(178,243,97),(179,168,34),(180,175,30),(181,231,177),(182,216,86),(183,219,36),(184,170,124),(185,154,264),(186,209,48),(187,247,254),(188,185,264),(189,249,232),(190,213,210),(191,232,235),(192,202,191),(193,183,77),(194,190,231),(195,221,285),(196,208,81),(197,240,192),(198,229,116),(199,165,151),(200,170,268),(201,238,230),(202,189,103),(203,160,217),(204,174,268),(205,238,225),(206,210,210),(207,217,100),(208,199,122),(209,210,228),(210,158,141),(211,213,142),(212,215,282),(213,211,207),(214,243,248),(215,228,285),(216,205,83),(217,201,29),(218,186,217),(219,222,181),(220,212,159),(221,164,146),(222,215,265),(223,204,76),(224,210,256),(225,162,244),(226,245,98),(227,204,107),(228,233,198),(229,178,37),(230,170,275),(231,172,86),(232,154,239),(233,240,175),(234,175,36),(235,247,99),(236,191,236),(237,216,147),(238,161,84),(239,204,45),(240,188,208),(241,247,259),(242,230,218),(243,220,17),(244,229,175),(245,212,80),(246,171,277),(247,182,45),(248,166,126),(249,241,143),(250,210,64),(251,188,179),(252,169,233),(253,230,106),(254,162,204),(255,234,190),(256,213,85),(257,171,24),(258,221,25),(259,156,68),(260,181,47),(261,236,274),(262,241,216),(263,180,131),(264,235,161),(265,220,226),(266,205,135),(267,199,65),(268,190,207),(269,199,16),(270,195,24),(271,158,19),(272,236,286),(273,204,139),(274,178,278),(275,189,22),(276,162,19),(277,237,89),(278,195,196),(279,164,193),(280,172,155),(281,185,149),(282,157,161),(283,194,122),(284,152,135),(285,235,69),(286,234,2),(287,217,64),(288,186,13),(289,250,150),(290,200,271),(291,234,190),(292,174,279),(293,219,135),(294,190,247),(295,216,115),(296,242,47),(297,232,256),(298,184,170),(299,230,182),(300,226,161),(301,176,195),(302,223,170),(303,222,79),(304,206,161),(305,192,165),(306,196,76),(307,211,151),(308,196,88),(309,246,95),(310,165,144),(311,170,162),(312,166,137),(313,226,256),(314,233,189),(315,208,215),(316,199,195),(317,211,134),(318,213,173),(319,238,100),(320,154,280),(321,179,228),(322,183,275),(323,188,30),(324,205,111),(325,159,207),(326,218,41),(327,172,195),(328,212,17),(329,222,238),(330,188,112),(331,212,8),(332,190,207),(333,248,13),(334,201,110),(335,218,55),(336,184,95),(337,171,20),(338,223,57),(339,153,37),(340,199,114),(341,190,71),(342,208,107),(343,226,96),(344,187,40),(345,227,52),(346,245,70),(347,251,44),(348,161,119),(349,242,271),(350,216,274),(351,199,214),(352,188,17),(353,223,63),(354,220,85),(355,169,154),(356,170,5),(357,158,279),(358,194,253),(359,239,272),(360,228,137),(361,248,211),(362,177,207),(363,243,24),(364,216,157),(365,231,251),(366,175,133),(367,191,201),(368,213,201),(369,173,63),(370,162,136),(371,234,63),(372,239,34),(373,163,29),(374,193,155),(375,214,223),(376,242,239),(377,175,185),(378,174,143),(379,211,27),(380,205,118),(381,217,141),(382,213,148),(383,212,99),(384,212,125),(385,226,54),(386,166,104),(387,222,7),(388,190,73),(389,184,18),(390,205,86),(391,169,69),(392,196,210),(393,186,172),(394,153,221),(395,214,16),(396,244,162),(397,211,147),(398,153,113),(399,233,27),(400,186,163),(401,230,18),(402,170,2),(403,222,163),(404,163,35),(405,235,272),(406,198,263),(407,186,118),(408,225,268),(409,156,263),(410,196,257),(411,207,225),(412,171,92),(413,152,84),(414,173,233),(415,198,192),(416,235,234),(417,217,271),(418,193,66),(419,185,130),(420,190,21),(421,234,210),(422,236,150),(423,161,189),(424,166,247),(425,168,123),(426,185,256),(427,161,194),(428,212,245),(429,229,221),(430,201,197),(431,164,80),(432,166,45),(433,167,102),(434,217,267),(435,192,244),(436,171,47),(437,207,70),(438,212,68),(439,194,59),(440,156,52),(441,229,219),(442,196,246),(443,191,271),(444,229,91),(445,172,101),(446,223,66),(447,199,169),(448,229,10),(449,200,100),(450,224,181),(451,223,179),(452,249,25),(453,247,74),(454,195,190),(455,229,135),(456,193,142),(457,206,155),(458,230,62),(459,178,7),(460,246,206),(461,160,77),(462,242,190),(463,240,208),(464,167,238),(465,243,91),(466,177,144),(467,197,59),(468,242,163),(469,229,201),(470,185,132),(471,219,124),(472,237,28),(473,172,10),(474,222,98),(475,218,39),(476,210,173),(477,204,80),(478,212,127),(479,165,240),(480,166,202),(481,162,131),(482,161,78),(483,232,120),(484,215,55),(485,217,202),(486,248,197),(487,206,106),(488,177,264),(489,197,41),(490,209,105),(491,185,70),(492,197,144),(493,195,78),(494,175,60),(495,250,80),(496,246,62),(497,222,136),(498,206,158),(499,251,188),(500,231,149),(501,175,90),(502,167,113),(503,154,50),(504,238,19),(505,197,87),(506,227,136),(507,235,34),(508,169,274),(509,172,144),(510,201,71),(511,236,67),(512,186,254),(513,221,201),(514,160,199),(515,228,46),(516,245,190),(517,226,238),(518,243,225),(519,202,25),(520,241,36),(521,219,239),(522,175,268),(523,171,203),(524,195,277),(525,156,160),(526,173,238),(527,212,286),(528,158,57),(529,236,68),(530,229,259),(531,210,195),(532,158,264),(533,163,92),(534,228,260),(535,238,98),(536,196,130),(537,163,128),(538,162,122),(539,239,152),(540,206,48),(541,198,113),(542,216,111),(543,187,41),(544,170,61),(545,247,103),(546,185,83),(547,191,54),(548,207,40),(549,237,204),(550,246,9),(551,213,241),(552,234,19),(553,183,225),(554,186,196),(555,245,235),(556,179,143),(557,226,101),(558,202,170),(559,241,162),(560,193,89),(561,201,252),(562,215,104),(563,168,62),(564,213,132),(565,210,237),(566,250,229),(567,197,218),(568,251,161),(569,188,127),(570,203,192),(571,183,13),(572,220,229),(573,211,138),(574,207,241),(575,192,14),(576,229,177),(577,170,77),(578,222,124),(579,203,87),(580,177,204),(581,196,13),(582,240,128),(583,208,164),(584,198,247),(585,166,73),(586,246,14),(587,200,239),(588,221,147),(589,203,266),(590,180,116),(591,219,215),(592,235,247),(593,205,227),(594,243,219),(595,181,202),(596,242,149),(597,164,62),(598,203,22),(599,191,275),(600,153,147),(601,217,222),(602,152,123),(603,224,240),(604,221,23),(605,189,127),(606,174,141),(607,216,62),(608,225,153),(609,216,62),(610,207,66),(611,247,261),(612,197,242),(613,179,245),(614,174,100),(615,189,120),(616,200,127),(617,251,132),(618,185,68),(619,192,126),(620,213,112),(621,173,44),(622,218,45),(623,190,149),(624,161,99),(625,197,177),(626,154,65),(627,158,195),(628,241,66),(629,189,111),(630,198,95),(631,184,264),(632,165,232),(633,210,93),(634,247,98),(635,225,46),(636,218,139),(637,161,66),(638,186,164),(639,158,172),(640,154,135),(641,229,99),(642,188,86),(643,219,15),(644,246,200),(645,241,195),(646,155,26),(647,204,56),(648,238,42),(649,218,13),(650,167,182),(651,209,18),(652,161,59),(653,176,17),(654,227,18),(655,214,10),(656,247,61),(657,159,146),(658,184,128),(659,161,253),(660,243,138),(661,184,215),(662,245,166),(663,181,122),(664,158,245),(665,192,149),(666,190,30),(667,187,19),(668,185,223),(669,247,262),(670,251,156),(671,215,20),(672,211,263),(673,215,226),(674,211,63),(675,203,221),(676,247,269),(677,231,158),(678,180,135),(679,224,171),(680,164,232),(681,171,219),(682,236,96),(683,227,15),(684,201,165),(685,191,216),(686,247,81),(687,192,74),(688,193,199),(689,187,43),(690,173,218),(691,166,170),(692,192,68),(693,247,182),(694,191,148),(695,217,103),(696,217,29),(697,227,21),(698,206,65),(699,179,66),(700,196,120),(701,218,218),(702,166,233),(703,208,57),(704,179,123),(705,171,169),(706,184,175),(707,170,127),(708,240,126),(709,211,201),(710,211,96),(711,237,9),(712,174,123),(713,179,200),(714,171,171),(715,179,251),(716,210,109),(717,231,232),(718,154,14),(719,245,223),(720,182,257),(721,171,234),(722,244,160),(723,161,258),(724,199,11),(725,199,273),(726,160,281),(727,236,202),(728,210,88),(729,215,270),(730,231,279),(731,155,104),(732,176,228),(733,226,122),(734,226,282),(735,154,96),(736,192,201),(737,181,206),(738,159,220),(739,240,126),(740,152,189),(741,203,279),(742,196,285),(743,172,69),(744,231,149),(745,251,191),(746,165,189),(747,224,97),(748,169,232),(749,233,180),(750,231,125),(751,207,214),(752,235,160),(753,205,22),(754,204,242),(755,250,269),(756,181,245),(757,155,217),(758,243,195),(759,230,282),(760,224,113),(761,222,218),(762,234,90),(763,192,80),(764,193,227),(765,179,96),(766,243,222),(767,221,233),(768,207,189),(769,237,199),(770,214,164),(771,163,98),(772,156,279),(773,203,47),(774,237,125),(775,201,270),(776,161,85),(777,220,162),(778,213,264),(779,215,35),(780,170,114),(781,182,49),(782,179,241),(783,232,111),(784,173,46),(785,170,265),(786,245,3),(787,237,52),(788,217,236),(789,217,22),(790,186,125),(791,204,90),(792,152,92),(793,218,3),(794,251,157),(795,155,164),(796,176,253),(797,235,7),(798,203,47),(799,173,264),(800,188,144),(801,210,259),(802,196,129),(803,195,94),(804,235,104),(805,156,101),(806,194,113),(807,205,51),(808,167,32),(809,197,265),(810,168,153),(811,176,9),(812,240,267),(813,186,164),(814,179,44),(815,227,5),(816,208,156),(817,216,157),(818,213,186),(819,237,137),(820,192,207),(821,215,29),(822,159,237),(823,223,261),(824,189,132),(825,157,273),(826,172,283),(827,183,76),(828,161,239),(829,200,145),(830,238,229),(831,243,50),(832,171,187),(833,177,265),(834,238,249),(835,236,83),(836,197,3),(837,222,31),(838,173,167),(839,229,86),(840,234,13),(841,207,114),(842,189,233),(843,180,284),(844,187,157),(845,243,28),(846,163,23),(847,223,167),(848,212,238),(849,222,82),(850,214,16),(851,212,158),(852,153,18),(853,245,113),(854,231,216),(855,234,21),(856,238,39),(857,155,284),(858,162,261),(859,188,114),(860,188,264),(861,160,17),(862,161,71),(863,152,266),(864,158,274),(865,222,101),(866,214,245),(867,157,262),(868,227,189),(869,202,210),(870,196,178),(871,234,231),(872,206,264),(873,167,33),(874,223,147),(875,240,153),(876,213,259),(877,242,5),(878,157,207),(879,165,218),(880,169,262),(881,180,246),(882,193,27),(883,216,132),(884,221,24),(885,153,232),(886,220,213),(887,206,22),(888,177,265),(889,249,200),(890,183,16),(891,234,22),(892,185,189),(893,168,21),(894,219,178),(895,206,9),(896,242,107),(897,173,120),(898,226,206),(899,159,128),(900,243,131),(901,231,277),(902,194,24),(903,235,217),(904,195,253),(905,226,21),(906,201,157),(907,192,176),(908,199,57),(909,201,125),(910,170,146),(911,213,31),(912,158,174),(913,214,230),(914,225,224),(915,188,146),(916,222,126),(917,246,70),(918,247,148),(919,217,86),(920,241,146),(921,182,184),(922,178,259),(923,216,278),(924,190,187),(925,217,162),(926,237,59),(927,155,27),(928,224,150),(929,228,127),(930,185,286),(931,175,247),(932,171,284),(933,171,86),(934,172,196),(935,219,50),(936,227,112),(937,212,261),(938,250,7),(939,182,5),(940,225,180),(941,234,207),(942,185,200),(943,209,176),(944,169,209),(945,230,131),(946,215,102),(947,206,132),(948,157,132),(949,204,270),(950,166,122),(951,166,225),(952,182,235),(953,174,78),(954,231,133),(955,243,166),(956,244,32),(957,162,286),(958,212,270),(959,156,123),(960,244,234),(961,183,199),(962,250,80),(963,178,214),(964,222,6),(965,245,122),(966,198,120),(967,187,149),(968,239,83),(969,199,261),(970,232,43),(971,243,211),(972,205,223),(973,211,118),(974,219,111),(975,174,251),(976,250,162),(977,216,225),(978,216,113),(979,194,94),(980,236,270),(981,165,68),(982,213,41),(983,210,44),(984,226,12),(985,232,150),(986,194,9),(987,202,57),(988,242,213),(989,198,129),(990,233,265),(991,209,274),(992,186,284),(993,184,256),(994,161,85),(995,153,113),(996,159,141),(997,243,93),(998,200,155),(999,169,271),(1000,233,157);
/*!40000 ALTER TABLE `signup` ENABLE KEYS */;
UNLOCK TABLES;

--
-- Table structure for table `users`
--

DROP TABLE IF EXISTS `users`;
/*!40101 SET @saved_cs_client     = @@character_set_client */;
/*!40101 SET character_set_client = utf8 */;
CREATE TABLE `users` (
  `id` int(8) NOT NULL AUTO_INCREMENT,
  `userKey` char(16) CHARACTER SET utf8 COLLATE utf8_unicode_ci DEFAULT NULL,
  `title` char(2) CHARACTER SET utf8 COLLATE utf8_unicode_ci DEFAULT NULL,
  `first_name` varchar(24) CHARACTER SET utf8 COLLATE utf8_unicode_ci DEFAULT NULL,
  `middle_name` varchar(24) CHARACTER SET utf8 COLLATE utf8_unicode_ci DEFAULT NULL,
  `last_name` varchar(24) CHARACTER SET utf8 COLLATE utf8_unicode_ci DEFAULT NULL,
  `name_suffix` char(3) CHARACTER SET utf8 COLLATE utf8_unicode_ci DEFAULT NULL,
  `phone` varchar(24) CHARACTER SET utf8 COLLATE utf8_unicode_ci DEFAULT NULL,
  `email` varchar(128) CHARACTER SET utf8 COLLATE utf8_unicode_ci DEFAULT NULL,
  `socMedia` varchar(128) CHARACTER SET utf8 COLLATE utf8_unicode_ci DEFAULT NULL,
  `streetAddress` varchar(128) CHARACTER SET utf8 COLLATE utf8_unicode_ci DEFAULT NULL,
  `buildingName` varchar(24) CHARACTER SET utf8 COLLATE utf8_unicode_ci DEFAULT NULL,
  `floor` varchar(8) CHARACTER SET utf8 COLLATE utf8_unicode_ci DEFAULT NULL,
  `roomAptCondoFlat` varchar(8) CHARACTER SET utf8 COLLATE utf8_unicode_ci DEFAULT NULL,
  `city` varchar(128) CHARACTER SET utf8 COLLATE utf8_unicode_ci DEFAULT NULL,
  `stateProvince` varchar(128) CHARACTER SET utf8 COLLATE utf8_unicode_ci DEFAULT NULL,
  `locality` varchar(128) CHARACTER SET utf8 COLLATE utf8_unicode_ci DEFAULT NULL,
  `country` char(2) CHARACTER SET utf8 COLLATE utf8_unicode_ci DEFAULT NULL,
  `postalCode` varchar(24) CHARACTER SET utf8 COLLATE utf8_unicode_ci DEFAULT NULL,
  `latitude` decimal(8,4) DEFAULT NULL,
  `longitude` decimal(8,4) DEFAULT NULL,
  `username` varchar(24) CHARACTER SET utf8 COLLATE utf8_unicode_ci DEFAULT NULL,
  `oauth2` varchar(128) CHARACTER SET utf8 COLLATE utf8_unicode_ci DEFAULT NULL,
  `password` varchar(255) CHARACTER SET utf8 COLLATE utf8_unicode_ci DEFAULT NULL,
  `gender` char(1) CHARACTER SET utf8 COLLATE utf8_unicode_ci DEFAULT NULL,
  `dateOfBirth` char(20) CHARACTER SET utf8 COLLATE utf8_unicode_ci DEFAULT NULL,
  `partner` char(1) CHARACTER SET utf8 COLLATE utf8_unicode_ci DEFAULT NULL,
  PRIMARY KEY (`id`),
  UNIQUE KEY `users_user_key` (`userKey`)
) ENGINE=InnoDB AUTO_INCREMENT=287 DEFAULT CHARSET=latin1;
/*!40101 SET character_set_client = @saved_cs_client */;

--
-- Dumping data for table `users`
--

LOCK TABLES `users` WRITE;
/*!40000 ALTER TABLE `users` DISABLE KEYS */;
INSERT INTO `users` VALUES (1,'ANDRCAYA0001','Mr','Andrew','S','Caya','','100-831-9601','andrew.caya@etista.com','andy@linkedin.com','2933 Green Tree Road','','','','Quebec City','Quebec','Quebec','CA','A1A 1A1',58.4564,-3.4261,'acaya','acaya@skype.com','$2y$10$tM/Qi/cy6u7K3aPvpwRTWue9ySSxVPSeN7dB05NG0e1P7VWbNoI3q','M','1975-03-11','N'),(2,'EDWASTUA6184','Mr','Edwardo','C','Stuart','','101-428-6184','estuart101@centurylink.com','estuart@skype.com','6029 Short Gulch Road','','','','Sauðárkróki','','','IS','550',65.7461,-19.6394,'estuart','estuart@linkedin.com','$2y$10$PQZcjza9/txFQyuupJjXjOpuZN8cigZlVYIeu5iKIT4lx5tL1MUIS','M','1975-12-27','N'),(3,'KAMAQUIN4510','','Kamala','','Quintero','','102-820-4510','kquinter102@safaricom.com','','6690 Little Mountain Street','','','E5','Bedkuvadoor','Vyara','Surat','IN','394360',21.7084,73.5759,'kquinter','','$2y$10$TD8ogtpCSRh3rYuhgOV5ZuAgVuDSoz61d2qdAN2zdgYhLSJ6z.MFi','F','1953-11-20','N'),(4,'MAISKAUR1767','Ms','Maisha','V','Kaur','','103-219-1767','mkaur103@centurylink.com','mkaur@google.com','682 Blue Bend Way','','','','Годылево','Bykhov','Bykhov','BY','213332',53.6084,30.3696,'mkaur','mkaur@twitter.com','$2y$10$276yrMxMwrf1QVbN9wOwT.gKU4jL3.QtD2RczsazT.HvW/UFkSzkO','F','1947-06-06','N'),(5,'LOUADKI0692','Mr','Lou','C','Adkins','','104-119-0692','ladkins104@telesystems.com','ladkins@linkedin.com','1943 Blue Mountain Road','Building E9','','','St Ronans','WA','KALGOORLIE','AU','6302',-31.9264,116.7354,'ladkins','ladkins@skype.com','$2y$10$y6ewVltqDQG8P8YegMoIQOvhXPETYPAqSYLsqdweml11TWjpPTDhW','M','1962-06-24','Y'),(6,'DIEDMORA2397','','Diedre','','Mora','','105-031-2397','dmora105@vivendi.com','','2967 Red Mound Ride','','','','Dapitan City','','','PH','7101',8.6464,123.4208,'dmora','','$2y$10$jYV64xbrS5cp7GIIFnbXcecqAfGymySKj2nwpcpOb8KJh9I64ImqW','F','1971-07-05','N'),(7,'CASSCOLL9312','Ms','Cassey','R','Collier','','106-423-9312','ccollier106@optus.com','ccollier@skype.com','3848 Winding Gully Ride','','','','Ulpha','England','Cumbria','GB','LA20',54.3313,-3.2354,'ccollier','ccollier@facebook.com','$2y$10$qzAlhKfVQdevmIR3dOp69eKq5/oLTcmod7O4dPMCNXJSuClgsOoDK','F','1951-09-11','N'),(8,'ROMACANO0742','','Roman','','Cano','','108-042-0742','rcano108@singtel.com','','3715 Green Ditch Street','','10','A5','Chapmanslade','England','Wiltshire','GB','BA13',51.2292,-2.2489,'rcano','','$2y$10$yFfO7puj3OAJWe0TFH2h..zYLvSqmDp23P.7kqSVvbHyi6g7SGTFq','M','1998-01-01','N'),(9,'CINDSIMS3863','Ms','Cindie','N','Sims','','109-047-3863','csims109@maxcomm.com','csims@skype.com','5603 Big Gulch Street','','','','Малая Ведрень','Tchachniki','Tchachniki','BY','211154',54.9183,29.3045,'csims','csims@facebook.com','$2y$10$9wUeBpgn1TDfvDfXclUOfe4SI4g8Ic/8B4Jx/rluZmpW3dkGqtdjq','F','1961-03-18','N'),(10,'CRUZCANT7165','Ms','Cruz','S','Cantrell','','110-501-7165','ccantrel110@frontier.com','ccantrel@twitter.com','2427 Green Mountain Circle','','','','Downtown Toronto Stn A PO Boxes 25 The Esplanade (Enclave of M5E)','ON','Toronto','CA','M5W',43.6437,-79.3787,'ccantrel','ccantrel@linkedin.com','$2y$10$fIsktlvxQt/bsEcZn2g5K.xfGJz43R5s6tjq4fUwq362hBFpOpi4K','F','1947-04-06','N'),(11,'JANEHANC4185','','Janessa','','Hancock','','111-033-4185','jhancock111@etisalat.com','','8895 Big Mound Boulevard','','','','Plešivec','Český Krumlov','Český Krumlov','CZ','381 01',48.9667,13.9167,'jhancock','','$2y$10$xo2.bI11HGIPNSMAY0GYku4Nnw5mBfrGOxDYCJp8FLy/7hs7F4nhq','F','1957-03-13','N'),(12,'NICKQUIN9993','Ms','Nickole','P','Quintana','','112-661-9993','nquintan112@maxcomm.com','nquintan@facebook.com','5403 Red Mound Boulevard','','','','Colac West','VIC','Victoria','AU','3250',-38.3445,143.5841,'nquintan','nquintan@twitter.com','$2y$10$OSCx.wnS6bjBVKOy6QMrP.Tx39/AbMU8Xls7CTvt1gTparTFyKy0.','F','1962-12-18','Y'),(13,'SUSIFERG0831','','Susie','','Ferguson','','114-562-0831','sferguso114@millicom.com','','8436 Blue River Boulevard','','','F6','Cossall','England','Nottinghamshire','GB','NG16',52.9773,-1.2847,'sferguso','','$2y$10$bp8Z/X9AKTf1m2Ir/gyqmOyhhUfhm1MwoofLgSrOM8qIv6pCWgP3i','F','1937-08-26','N'),(14,'ERINHOGA7207','Ms','Erin','N','Hogan','','115-418-7207','ehogan115@vodafone.com','ehogan@skype.com','6783 Red Creek Street','','','','Тянево / Tjanevo','HKV','Симеоновград / Simeonovgrad','BG','6492',42.0500,25.9833,'ehogan','ehogan@linkedin.com','$2y$10$I.3tBGcDLBaFqLkMF0Iyf.gXX29a6KZ6suDQ72WS3/6.d9musfxWO','F','1938-08-02','N'),(15,'CASSHARM5470','Ms','Cassie','G','Harmon','','116-166-5470','charmon116@vivendi.com','charmon@skype.com','7795 Little Gully Boulevard','','','','Rani Amravati','Babhulgaon','Yavatmal','IN','445101',20.5249,78.3255,'charmon','charmon@line.com','$2y$10$v/BJuANRan1qVCHuWAYVKe8q9AlCAaMPV6mj5ssrwrEZXv45RF13.','F','1976-01-24','N'),(16,'SILVLAND2430','Ms','Silvana','F','Landry','','118-414-2430','slandry118@netcom.com','slandry@facebook.com','1643 Winding Ditch Drive','','','','Tandora','QLD','BRIS CITY CNTRY','AU','4650',-25.6657,152.6858,'slandry','slandry@twitter.com','$2y$10$JDVVr6ifHSm8JFCEpRA2I.8HBEO9v8gyad5GqVmiJyb38F8aC7XAK','F','1953-08-21','N'),(17,'GWENLEON5926','Ms','Gwen','Q','Leonard','','119-565-5926','gleonard119@movil.com','gleonard@skype.com','7637 Short Bough Boulevard','','','','Calpiogna','TI','Leventina District','CH','6760',46.4863,8.8058,'gleonard','gleonard@google.com','$2y$10$Rm/siUjV3s7Y0sD.uUrEBuSuYHxU4F5qr3ZVShgQWXsi2eSWVIvUO','F','1933-02-14','N'),(18,'TYREDELG0876','','Tyree','','Delgado','','120-123-0876','tdelgado120@swisscom.com','','2299 Green Hill Circle','','','80','Huggate','England','East Riding of Yorkshire','GB','YO42',53.9855,-0.6567,'tdelgado','','$2y$10$cpWxvdBxgPLd3hhh3v7fquCwCYIS46MFT77wmo7QJwJSAxfwC2T1q','M','1956-05-21','Y'),(19,'ALEXFULL6022','Mr','Alexander','C','Fuller','','121-625-6022','afuller121@telus.com','afuller@line.com','2242 Long Bough Circle','','','','Phasi Charoen','Bangkok','Bangkok','TH','10160',13.7167,100.4333,'afuller','afuller@line.com','$2y$10$9UCxUb/1XDrZyFqJRSJjA.JGqxFwK4waVK1c58B/z72eaUjV..3K.','M','1968-11-20','N'),(20,'MACKSING1993','Mr','Mack','B','Singleton','','122-411-1993','msinglet122@econnect.com','msinglet@line.com','6768 Winding Ditch Street','','','','Kencott','England','Gloucestershire','GB','GL7',51.7132,-1.8662,'msinglet','msinglet@twitter.com','$2y$10$o55THn0KkDCnO0Hu4LUuEOdqGpWvt58nRur55vYv8TAV3uul5MJsm','M','1952-04-18','N'),(21,'DEMARICH7458','','Demarcus','','Richardson','','123-893-7458','drichard123@openworld.com','','150 Blue Bend Avenue','','','','Skálavik','','','FO','220',61.8333,-6.6500,'drichard','','$2y$10$T0yArI59kuNtd6KkAbozO.svS5mXzRJn34E4zQW1UQPPq3jmaZzpm','M','1975-12-14','N'),(22,'DEEWALL4617','Mr','Dee','L','Wallace','','124-080-4617','dwallace124@algonet.com','dwallace@google.com','2134 Red Gully Way','','','','Uxbridge','ON','Ontario','CA','L9P',44.1001,-79.1163,'dwallace','dwallace@line.com','$2y$10$Pb9RttNTjdeNvbiJjlK5ceUiaoX97//jWr1zKgTqr0Tz3h8hwohl.','M','1989-03-27','N'),(23,'GERRWHEE6061','Ms','Gerry','X','Wheeler','','125-993-6061','gwheeler125@kddi.com','gwheeler@line.com','2949 Big Ridge Boulevard','','','','Salitral','Salitral','Santa Ana','CR','10902',9.8922,-84.1705,'gwheeler','gwheeler@line.com','$2y$10$OZJ76exK6gsEm0K0g6Fj6.uOafJ12lXwWRgbBfBvywgzgmv6x8I6y','F','1991-04-04','N'),(24,'MARGMAYS4739','','Margene','','Mays','','126-442-4739','mmays126@glasnet.com','','8964 Green Bend Drive','','12','88','Bari','Banswara','Banswara','IN','327001',24.1024,74.3505,'mmays','','$2y$10$X4hWKfoX/KCgRZ8TH6dXde9hPNIYYAY/7LMbNTpf/okgYmuQeut8W','F','1995-09-20','N'),(25,'WAYLDORS3571','Mr','Waylon','V','Dorsey','','127-856-3571','wdorsey127@telus.com','wdorsey@facebook.com','865 Big Bridge Way','','','','Genthin','ST','Jerichower Land','DE','39307',52.4067,12.1592,'wdorsey','wdorsey@google.com','$2y$10$SJXutjvzxMCigX/My8blpOPwxTzGR/NRCmlk382LsJP9F8Mn5JQBS','M','1998-10-20','N'),(26,'CARMVALE5732','Ms','Carma','V','Valencia','','128-168-5732','cvalenci128@telecom.com','cvalenci@google.com','6077 Big Mountain Drive','','','','Gourgoth','Tusra','Balangir','IN','767067',21.8738,83.9773,'cvalenci','cvalenci@skype.com','$2y$10$4mav87.2/NQNGVfRzDKCnuf0QZtPmT6SNFVPfp1TMEQAo.nofR0jm','F','1999-08-11','Y'),(27,'KIMIWILL3823','','Kimiko','','Williams','','129-794-3823','kwilliam129@megafon.com','','8256 Winding Canyon Street','','','','Sandys','Sandys Parish','Sandys Parish','BM','MA 01',32.2934,-64.8683,'kwilliam','','$2y$10$pj8KIlyblAJgwUiBijIOpOUrAYDarC2IN9mXDZzLVdMcPv2r/xlBe','F','1936-09-01','N'),(28,'MEIBUCH9199','Ms','Mei','X','Buchanan','','130-736-9199','mbuchana130@jio.com','mbuchana@line.com','3896 Long Canyon Ride','Building B0','','','Prospect Hill','NC','Caswell','US','27314',36.2932,-79.2156,'mbuchana','mbuchana@facebook.com','$2y$10$4TArQXsZP0ehlpI317fYoO/n227y6eVaxNE3TfQDPI4ILnrv60Tfm','F','1958-11-06','N'),(29,'AZZIGOOD1018','Ms','Azzie','M','Good','','131-445-1018','agood131@telecom.com','agood@skype.com','1027 Red Ridge Boulevard','','','','Quezon','','','PH','5304',9.1132,118.1271,'agood','agood@facebook.com','$2y$10$NWDUOK2X9yMp2Zelp15seuYe7NS7O2x5PHnhVT/cxlFIkwcaRQcr2','F','1942-03-29','N'),(30,'CORRWEST5663','','Corrina','','West','','132-642-5663','cwest132@sktelecom.com','','1118 Winding Gully Circle','','','61','Richvale','CA','Butte','US','95974',39.4959,-121.7480,'cwest','','$2y$10$mjPTGABWDf6qNfg8UEa4xO7PxeHGgR1weJbJB63Jc72kdR/w1.wgm','F','1959-10-22','N'),(31,'PIERLEON4908','Mr','Pierre','Y','Leonard','','133-678-4908','pleonard133@telstra.com','pleonard@twitter.com','7758 Short Bend Drive','','','','Kirkjubæjarklaustri','','','IS','880',63.7893,-18.0527,'pleonard','pleonard@line.com','$2y$10$A3npEQ6rUNWFvPjkW0gqredeVsBP1v3d35AzGXfIhCcldytssJRh6','M','1982-05-25','N'),(32,'HAROOCHO4874','Mr','Harold','W','Ochoa','','134-891-4874','hochoa134@ktc.com','hochoa@linkedin.com','8784 Short Tree Circle','','','','Rosemont Central','QC','Rosemont','CA','H1X',45.5583,-73.5701,'hochoa','hochoa@facebook.com','$2y$10$6Ku8GfDwDv6xVTIieg2PbeLPNifk2HIQwR662zSfsPd4tUspftIH6','M','1945-04-23','N'),(33,'HOSEHICK5637','','Hosea','','Hicks','','135-898-5637','hhicks135@telia.com','','6733 Blue Mountain Way','','18','','San Ignacio','San Ignacio','Provincia de Ñuble','CL','3890000',-36.8225,-72.0298,'hhicks','','$2y$10$fS/D1PmD1zqMyNmiToZ3N.uSO/tpGjxy16WL5BZfpnRIbYHD0tJH6','M','1996-01-27','N'),(34,'NONAPERK5689','Ms','Nona','U','Perkins','','136-568-5689','nperkins136@centurylink.com','nperkins@linkedin.com','3936 Long Mound Way','','','','Tikar','Vanthli','Junagadh','IN','362630',23.1399,71.0987,'nperkins','nperkins@google.com','$2y$10$zME9DqQ0s6rGjg6TI8A01uqtl8PkUMH/dlX9KQJXFZiS3zXuRmU.a','F','1947-05-13','Y'),(35,'JACASHEP6519','Ms','Jacalyn','S','Shepard','','137-263-6519','jshepard137@megafon.com','jshepard@facebook.com','7815 Long Canyon Way','','','','Aubusson','Arrondissement d’Argentan','Orne','FR','61100',48.7837,-0.5515,'jshepard','jshepard@skype.com','$2y$10$rRajJ/WSYM4txPw2HQwv4eM11kTeSsjlha9jFybIfFb3kAHfrIp1O','F','1968-05-20','N'),(36,'KENNHANS3938','','Kennith','','Hanson','','138-511-3938','khanson138@lookdata.com','','6191 Winding Mound Way','','','A8','Orchard Park','NY','Erie','US','14127',42.7639,-78.7518,'khanson','','$2y$10$31RcVz0Q6pue6NcTdZ9/je0lfx.v6aifP708wi6ho0QoK7TMykUI6','M','1963-02-01','N'),(37,'CARROCON4684','Ms','Carri','R','Oconnell','','139-643-4684','coconnel139@chunghwa.com','coconnel@linkedin.com','9409 Blue Woods Way','','','','Nelspruit','','','ZA','1360',-24.5833,31.0833,'coconnel','coconnel@skype.com','$2y$10$8uX7.yfOQ.vLNxNl7xHS1.NuT./6Dw4hHzluE6Ke1ARyavRcX.4oy','F','1933-05-30','N'),(38,'SHAYMARQ7615','Mr','Shayne','K','Marquez','','140-659-7615','smarquez140@ooredoo.com','smarquez@line.com','6401 Blue Mound Street','','','','Vervale','VIC','VIC FAR COUNTRY','AU','3814',-38.1333,145.6667,'smarquez','smarquez@facebook.com','$2y$10$wE1dquhN3UXU2Is5SG2WvuFiqkcrv.jaZyv5wzkzZ3iVdSETQeGZO','M','1954-09-04','N'),(39,'ENOCMORS8700','','Enoch','','Morse','','141-311-8700','emorse141@telkom.com','','6454 Red Woods Avenue','','','','St John','St. John','St. John','VI','830',18.3282,-64.7407,'emorse','','$2y$10$15c5utBf244Hc0R.b91Hquv2p/pgUhO/CzxIwUL15w8UjBrNjrZUu','M','1971-06-18','N'),(40,'NATHCARL6343','Mr','Nathanial','B','Carlson','','142-132-6343','ncarlson142@greennet.com','ncarlson@twitter.com','419 Blue Creek Ride','','','','Blackmoor','England','Hampshire','GB','GU33',51.0519,-0.8901,'ncarlson','ncarlson@twitter.com','$2y$10$EsBar4vmy1Ib2rydihL3tuvHB2gVZvhOr.Ua3Co4bWmlNajLFNTvm','M','1968-12-30','N'),(41,'MAIRKERR0738','Ms','Maire','S','Kerr','','143-205-0738','mkerr143@telia.com','mkerr@line.com','1303 Short Ditch Road','Building 25','','','N.Gintarų k.','Kretingos r. sav.','Kretingos r. sav.','LT','97041',55.9211,21.4769,'mkerr','mkerr@facebook.com','$2y$10$F4vEXJlGWvc6xcixFjAuwuiaYlzWKCiekQ9BWtsoevH8Qn87bTALS','F','1970-03-08','N'),(42,'MAISMATH0005','','Maisha','','Mathews','','144-111-0005','mmathews144@uunet.com','','6798 Little Gully Ride','','13','4D','Downtown Toronto (Harbourfront East / Union Station / Toronto Island)','ON','Toronto','CA','M5J',43.6230,-79.3936,'mmathews','','$2y$10$iJlBh4RYegIlg8DccUwj0uWZkWz27W0zhg/WZhHaDKBgGaqZFee22','F','1953-12-26','Y'),(43,'FIONBENS3627','Ms','Fiona','G','Benson','','145-403-3627','fbenson145@mtn.com','fbenson@facebook.com','517 Short Hill Boulevard','','','','Amanzimtoti','','','ZA','4100',-30.0500,30.8833,'fbenson','fbenson@line.com','$2y$10$U3Saqsoa.1DOJrXXsnmUq.N96L22/ISOEHO2Suc2tzX.RpmIIlY0S','F','1942-01-13','N'),(44,'DIONCANT7580','Ms','Dionne','D','Cantu','','146-515-7580','dcantu146@frontier.com','dcantu@line.com','1579 Short River Drive','','','','Wolvi','QLD','Queensland','AU','4570',-26.1667,152.8333,'dcantu','dcantu@google.com','$2y$10$UIigS.IEqEN/gWW2aQ92PO6nP0Im6nGMQhc4scZ6txmZf6tAu.Oue','F','1989-06-27','N'),(45,'JOLICAST2568','','Jolie','','Castro','','147-135-2568','jcastro147@telecom.com','','3809 Long Mountain Way','','','','Hopen','Hopen','Hopen','SJ','9174',76.5756,25.1971,'jcastro','','$2y$10$tni/e7CqBW.HrN1aPlQlOuEcRUAexnAHPdatXIJIAbtOWRaDppwbO','F','1972-05-05','N'),(46,'SAMMFLEM5309','Mr','Sammie','X','Fleming','','148-720-5309','sfleming148@ote.com','sfleming@line.com','4155 Blue River Ride','','','','Herne Common','England','Kent','GB','CT6',51.3644,1.1291,'sfleming','sfleming@twitter.com','$2y$10$vSidzcnRHLMKPpvBxRFmVeNFGtnOQbi1DUUYiF2xp8OBd4VX92zZK','M','1987-11-08','N'),(47,'JIMMHARD9263','Ms','Jimmy','X','Hardin','','149-558-9263','jhardin149@unicom.com','jhardin@linkedin.com','3135 Big Bend Ride','','','','Sinajana','Guam','Guam','GU','96926',13.4443,144.7863,'jhardin','jhardin@skype.com','$2y$10$lCqDtTW0kwcw2FQDPpiiZO.4zwOwhhGKhYMhaXieeK5HjmKZO0WbO','F','1987-06-28','N'),(48,'RUSSBERR7571','','Russell','','Berry','','150-295-7571','rberry150@vodafone.com','','4196 Long Stream Ride','','','C8','Chandwahi','Shahpura','Dindori','IN','481990',23.0803,80.7070,'rberry','','$2y$10$l8r5XmuhSW66mzT8k.1u9utBbf.wiAmSMV1KmIbTFVAFLmzd466fi','F','1982-07-15','N'),(49,'GROVBERN9009','Mr','Grover','X','Bernal','','151-413-9009','gbernal151@singtel.com','gbernal@twitter.com','6689 Blue Tree Avenue','','','','Castilmimbre','CM','Guadalajara','ES','19413',40.7183,-2.7744,'gbernal','gbernal@line.com','$2y$10$aLjrkHCI8uVmnAPwd20plO./vfMacYafJ8UhbL0MpBY/kJXNjB5ea','M','1931-05-08','N'),(50,'DOLORICH7446','Ms','Dolores','N','Richmond','','152-120-7446','drichmon152@bt.com','drichmon@google.com','1387 Short Hill Road','','','','Balnagowan','QLD','CENTRAL QLD','AU','4740',-21.1175,149.0085,'drichmon','drichmon@facebook.com','$2y$10$gSBVc64dOP6ylR/gf9GCseFDxZn5ca.SnhwFOw.HiB8JJQvb1iZbG','F','1972-02-04','Y'),(51,'LUISFRIE6325','','Luis','','Friedman','','153-395-6325','lfriedma153@megafon.com','','189 Short Bridge Avenue','','18','','Stita','Tizi-Ouzou','Tizi-Ouzou','DZ','15133',36.6637,4.1898,'lfriedma','','$2y$10$.oVS29iYVY99CuYeeRvVHubDEn5ISE5MFgQ6I47XzKtYq/mU.U/RG','F','1931-03-07','N'),(52,'JESUHAIL2267','Mr','Jesus','R','Hail','','154-186-2267','jhail154@worldnet.com','jhail@skype.com','7608 Short Ditch Way','','','','Natchitoches','LA','Natchitoches','US','71458',31.7476,-93.0791,'jhail','jhail@google.com','$2y$10$EdhFcMUIRHTPGH.nKiBXPOuLdRrfthPNryAMwDmXRo.rB/fiEWc8q','M','1986-11-02','N'),(53,'ELKESELL5816','Ms','Elke','E','Sellers','','155-715-5816','esellers155@chunghwa.com','esellers@google.com','7234 Little Stream Circle','','','','Vinica','','','MK','2310',41.8828,22.5092,'esellers','esellers@facebook.com','$2y$10$CFZhIZrWx5VN1sbIbLi.muuY4ZZE7AgTlhsKcEihcrWN7UAoaKjT2','F','1938-10-21','N'),(54,'NEDCRUZ5574','','Ned','','Cruz','','156-681-5574','ncruz156@maxcomm.com','','5269 Red Mountain Circle','Building AB','','4E','Madapura','K.r.pete','Mandya','IN','571423',12.7939,76.3448,'ncruz','','$2y$10$gaBvYZCFcZMIjWFV9j6ROOYTAMkrsLXIjHYDmdiq8Fr92g24g3Qla','M','1996-05-11','N'),(55,'REGEROBB6912','Ms','Regena','S','Robbins','','157-462-6912','rrobbins157@att.com','rrobbins@twitter.com','8631 Short Tree Boulevard','','','','Chiconi','Chiconi','Chiconi','YT','97670',-12.8333,45.1106,'rrobbins','rrobbins@skype.com','$2y$10$lqDp8.zdwqchqXOz1fV8S.6.Q9DE2Cg7ofIc7zAMd20BuTk2yThvW','F','1996-07-05','N'),(56,'TRUDWELL5207','Ms','Trudi','M','Wells','','158-925-5207','twells158@centurylink.com','twells@line.com','4349 Winding Mountain Road','','','','Barkston','England','North Yorkshire','GB','LS24',53.8695,-1.2532,'twells','twells@skype.com','$2y$10$yRNPeYDFRkS4IhDISG4En.1hRpJcVcny8mx9qskWKeC0iwW.WOvuC','F','1933-08-01','N'),(57,'COLTWILC6048','','Colton','','Wilcox','','159-220-6048','cwilcox159@access.com','','4206 Red Stream Avenue','','','','Shimoshita','Shichinohe Machi','Kamikita Gun','JP','039-2723',40.5661,141.2135,'cwilcox','','$2y$10$s4xqayFru9Xfrpi1s4lcYeUks9TnMAftHwq0KyUa1J8L6TIkcXbC.','M','1938-07-19','N'),(58,'BYRODUFF2156','Ms','Byron','K','Duffy','','160-031-2156','bduffy160@att.com','bduffy@skype.com','40 Red Bridge Street','','','','Hawkesbury','ON','Ontario','CA','K6A',45.6001,-74.6160,'bduffy','bduffy@facebook.com','$2y$10$pHa4Mo9Aq.FjemzQXEm2mupQ2eoUSnMNXTBBjdpPr8sgHDHu0Pe36','X','1999-02-19','Y'),(59,'BRYOHENS0037','Mr','Bryon','H','Henson','','161-385-0037','bhenson161@eunet.com','bhenson@facebook.com','3718 Red Bridge Drive','','','','Qasigiannguit','','','GL','3951',68.8167,-51.1833,'bhenson','bhenson@line.com','$2y$10$uJCpcMiNSs4.xGIXawgdCegcT.4jnR63dJlS3M6T7pwyMAyYXPHdC','M','1949-01-10','N'),(60,'WHITHUFF7635','','Whitney','','Huffman','','162-132-7635','whuffman162@daxnet.com','','7119 Long River Way','','11','9B','Saint John East','NB','Saint John ','CA','E2J',45.2563,-65.9432,'whuffman','','$2y$10$vv02BoSZmNLVpWeYeozP2./X7X7zqHXmFTjvLlz9IcPS8qeSt.drG','F','1984-06-18','N'),(61,'HILDJEFF1764','Ms','Hildred','R','Jefferson','','163-579-1764','hjeffers163@orange.com','hjeffers@google.com','8538 Short Woods Ride','','','','La Horqueta','SON','Hermosillo','MX','83333',29.0172,-111.5120,'hjeffers','hjeffers@twitter.com','$2y$10$sihhpSItoD0n/nVg180J3.J9T6bqwHGeoPUZVnK7W54GeeWWx0xZG','F','1943-08-14','N'),(62,'CONTDENN6635','Ms','Contessa','V','Dennis','','164-393-6635','cdennis164@ptcl.com','cdennis@twitter.com','6287 Big Canyon Street','','','','Nidigallu','Balayapalli','Nellore','IN','524404',14.5453,77.8198,'cdennis','cdennis@twitter.com','$2y$10$UgN47kN.NhHaMmRxrGTLvuhBmAWaX.oUt4eagx6LYOBHb5cBnFhme','F','1967-08-08','N'),(63,'RANDDOYL7212','Dr','Randell','','Doyle','Jr','165-670-7212','rdoyle165@telecomitalia.com','','6281 Short Stream Drive','','','','Cisnes','Cisnes','Provincia de Aisén','CL','6010000',-44.4577,-73.1374,'rdoyle','','$2y$10$TdgyD56r6V4KFNVDVTqbr.QygzBzc3yjcR7NBj0rAO4xTm/I55ilu','M','1964-11-16','N'),(64,'GILBCOLL5003','Mr','Gilbert','Z','Collier','','166-771-5003','gcollier166@movil.com','gcollier@twitter.com','1679 Long Stream Street','','','','Plainville','NY','Onondaga','US','13137',43.1577,-76.4470,'gcollier','gcollier@twitter.com','$2y$10$Ps9CibXDGw4aqsRtS24NseOMcCxzDa6hbssoJvJDLNduSk0yzmCNC','M','1953-04-13','N'),(65,'KURTFRED6634','','Kurtis','','Frederick','','168-611-6634','kfrederi168@maxcomm.com','','6790 Long Hill Avenue','','','71','Donnacona','QC','Capitale-Nationale','CA','G3M',46.6804,-71.7239,'kfrederi','','$2y$10$vpHzC5MBl69LPD3/V1R2hus0K7wlr.qiby6dS9WNaMjO0X7YEQy5y','M','1930-03-07','Y'),(66,'LISARASM2018','Ms','Lisa','K','Rasmussen','','169-273-2018','lrasmuss169@daxnet.com','lrasmuss@linkedin.com','6521 Winding Bough Circle','Building CE','','','Resd. Enriquillo','','','DO','11106',18.5000,-70.0167,'lrasmuss','lrasmuss@linkedin.com','$2y$10$7AMu10Z7Sn6nN45M278/KeX30qP59T0NdOfwYYVzViggJzgQkVi/y','F','1969-12-28','N'),(67,'FERMSAUN3830','Mr','Fermin','N','Saunders','','170-586-3830','fsaunder170@ais.com','fsaunder@skype.com','3151 Winding Ridge Ride','','','','Menlo Park','CA','San Mateo','US','94026',37.3811,-122.3348,'fsaunder','fsaunder@linkedin.com','$2y$10$1NyBMnXB7tnp6hGWQHpdwuhnCv0mnE0pqKPwFqxkmOJGvohLi6xiK','M','1996-06-07','N'),(68,'AHMEROWE3863','','Ahmed','','Rowe','','171-989-3863','arowe171@jio.com','','5933 Big Creek Avenue','','20','','Brakel Elst','VLG','Oost-Vlaanderen','BE','9660',50.8333,3.7333,'arowe','','$2y$10$Scd0MFd8fZswa9eYa/L8VuqudwLPpDMw5bxp5SZdH7K9UGrgmtXza','M','1940-06-03','N'),(69,'EARLRUSH7777','Mr','Earle','K','Rush','','172-938-7777','erush172@oi.com','erush@twitter.com','1115 Blue Canyon Ride','','','','Catarina','TX','Dimmit','US','78836',28.3598,-99.5860,'erush','erush@line.com','$2y$10$eX/UbUbBYEX6.gvil1DuCOvzF1UpjB0gWlQiWDoBeojWYA4gPdyjG','M','1960-03-23','N'),(70,'KASECUMM9931','Mr','Kasey','O','Cummings','','173-743-9931','kcumming173@ote.com','kcumming@line.com','9598 Green Woods Ride','','','','Jan Mayen','Jan Mayen','Jan Mayen','SJ','8099',70.9498,-8.6380,'kcumming','kcumming@google.com','$2y$10$onWZZnT6JdNhmSl5VxdT6u.gnFMDSwtnljzT2xGQdDbaWJAYvdxNK','M','1990-01-24','N'),(71,'CESABLEV7831','','Cesar','','Blevins','','174-027-7831','cblevins174@telstra.com','','1985 Short Ditch Street','','','1F','Carmen','ID','Lemhi','US','83462',45.2550,-113.8573,'cblevins','','$2y$10$YyjNi3Q5LBHBE4GavuF0POYmTGO8x.gj4A6hTJRgtGae2AXAuzU1C','M','2000-11-26','N'),(72,'THERMADD6493','Ms','Theresia','S','Maddox','','175-364-6493','tmaddox175@telstra.com','tmaddox@google.com','9475 Short Bend Ride','','','','Gopalapuram','Rajam','Srikakulam','IN','532127',18.4405,83.6356,'tmaddox','tmaddox@skype.com','$2y$10$A4jaJljToR1V9/gyiOjJtOZ5x3s2weA5Oeayy3t14w71E.eZJcEQ6','F','1990-11-16','N'),(73,'LIONMART9603','Mr','Lionel','H','Martinez','','176-796-9603','lmartine176@ote.com','lmartine@google.com','1177 Little Bend Street','','','','Wainwright','AB','Alberta','CA','T9W',52.8390,-110.8572,'lmartine','lmartine@facebook.com','$2y$10$A42Gt0aeg/OKTgcask.XQe0lvgcRngnlVgJ2R96QuePzyNlgmaT9q','M','1973-02-16','Y'),(74,'TORYWEBB9980','','Tory','','Webb','','177-876-9980','twebb177@telenor.com','','1873 Blue Ridge Boulevard','','','','Porsgrunn','Porsgrunn','Porsgrunn','NO','3930',59.1405,9.6561,'twebb','','$2y$10$XaVjapBm0nBDXDLNDZut2uVbeTYYulLSXf9f8j8iBBGCc981Fv/sW','M','1979-06-23','N'),(75,'JUDYBENT2726','Ms','Judy','L','Bentley','','178-453-2726','jbentley178@greennet.com','jbentley@facebook.com','9051 Blue Bridge Ride','','','','Sainte-Geneviève','QC','Quebec','CA','H9H',45.4683,-73.8565,'jbentley','jbentley@linkedin.com','$2y$10$KqeSB51DFezuB9HTL8ikOurIBroldGmnJG.XhYYlTTNDOv/ItyTSu','F','1948-03-28','N'),(76,'JESSFLOY3278','Ms','Jessie','Z','Floyd','','179-124-3278','jfloyd179@apicnet.com','jfloyd@line.com','9010 Short Hill Drive','','','','Qrendi','Il-Qrendi','Il-Qrendi','MT','QRD',35.8319,14.4514,'jfloyd','jfloyd@google.com','$2y$10$NMvE7ToOqgMZzASdDH.C8Oq1k/NStkdE1zzUKPYFAAde4WDgHOcwK','F','1962-01-21','N'),(77,'LUPEMONT1593','','Lupe','','Montgomery','','180-780-1593','lmontgom180@softbank.com','','1383 Little Creek Drive','','17','2F','Stillwater','OK','Payne','US','74076',36.0724,-97.0551,'lmontgom','','$2y$10$CTEdLDopv2B50ahNLze/Ou6FBQX6t0hfyl3q/SsC9KALcgJeunaNW','M','1995-08-14','N'),(78,'ANNEPERK7778','Ms','Annelle','A','Perkins','','181-425-7778','aperkins181@lguplus.com','aperkins@skype.com','688 Long Tree Road','','','','Upsettlington','England','Northumberland','GB','TD15',55.6768,-2.0707,'aperkins','aperkins@google.com','$2y$10$8i/02XmuNDW.FBXOleiRcekBjNt6mf0402qi8g6F4cE6QQFvFOSPK','F','1957-04-26','N'),(79,'BERTRIOS2468','Mr','Bert','J','Rios','','182-194-2468','brios182@openworld.com','brios@google.com','6932 Blue Bend Boulevard','Building 0C','','','Memphis','TN','Shelby','US','38111',35.1076,-89.9457,'brios','brios@skype.com','$2y$10$8VzCwaIuyrOAkHrJLcRdkuta9Fx4csgWene0bQBbPA..2O5PQ1uj2','M','1987-02-16','N'),(80,'LINDMERC3907','','Lindsay','','Mercado','','183-961-3907','lmercado183@vodafone.com','','4159 Winding Tree Boulevard','','','','LA POSTA','T','Tucuman','AR','4164',-27.8167,-65.5667,'lmercado','','$2y$10$JRMhB.SoUqiWTHCM0aQE9.h9sJKHrT1xXI0UetCDPJ9SKzr10ZgSm','M','2000-12-30','N'),(81,'JOEYMORS6991','Mr','Joey','Z','Morse','','184-931-6991','jmorse184@ooredoo.com','jmorse@skype.com','2704 Little Woods Way','','','','Nagapur','Utnoor','Adilabad','IN','504311',19.4168,78.7514,'jmorse','jmorse@linkedin.com','$2y$10$GOWiVMAY9T6vRoGhdFOrM.RluQP.pcVQMCYtG9NT7oZmb1dZudiY2','M','1930-06-25','Y'),(82,'JUDILANG0361','Ms','Judith','O','Lang','','185-773-0361','jlang185@orstom.com','jlang@skype.com','4719 Little Bough Circle','','','','Mana','GF','Guyane','GF','97318',5.6677,-53.7783,'jlang','jlang@facebook.com','$2y$10$CJTo8cVZVNKv3xV7wZ9hM.5h5UvopesCPgsTm38AfNSQxRO1RomAm','F','1983-06-06','N'),(83,'COREBARR2391','','Corey','','Barrera','','186-769-2391','cbarrera186@telenor.com','','205 Little Gully Boulevard','','','DE','Kololi','Panhala','Kolhapur','IN','416230',17.4886,73.7218,'cbarrera','','$2y$10$PMYOxUR7FK08XfaBetqPzeMQegAlm3xVbpAtfqJSw837lDH62Q.ii','F','1977-12-11','N'),(84,'WENDRAMO7398','Mr','Wendell','W','Ramos','','187-033-7398','wramos187@telenor.com','wramos@twitter.com','2313 Short Bridge Boulevard','','','','Saltvik','Saltvik','Saltvik','AX','22430',60.3146,20.1073,'wramos','wramos@twitter.com','$2y$10$TFkDYY77d/QYN2jMK14qK.K6cMcrXnsCTTsElK/ehvQsLvyOWDZzm','M','1931-11-01','N'),(85,'BERYLAWR7076','Ms','Beryl','G','Lawrence','','188-419-7076','blawrenc188@optus.com','blawrenc@line.com','2399 Short Bridge Ride','','','','Albion','QLD','NORTHGATE CENT','AU','4010',-27.4301,153.0379,'blawrenc','blawrenc@line.com','$2y$10$xUAzS6rolsPZnTaCmCi.Oudu5kA/du9Vi7Q0NdlMEtJnI8Udxx96W','F','1940-05-02','N'),(86,'MARYBARR8247','','Maryetta','','Barrera','','189-725-8247','mbarrera189@movil.com','','1745 Winding River Circle','','1','','Bandraboua','Bandraboua','Bandraboua','YT','97650',-12.7044,45.1223,'mbarrera','','$2y$10$HJQ9Ih9ywlPZ7GG5Ia6vHeCukPyM1rIfFarYUz2UCI8yuJsh4KtLq','F','1957-12-09','N'),(87,'GRAHWADE2057','Mr','Graham','E','Wade','','190-888-2057','gwade190@bce.com','gwade@twitter.com','6811 Little Bend Ride','','','','Vancouver (South Grandview-Woodlands / NE Kensington)','BC','Vancouver','CA','V5N',49.2551,-123.0667,'gwade','gwade@skype.com','$2y$10$62F9Z7z6fxoc5peLOV3cHul20rYiEkbeDQ1wEKdV6ZuHPxiz0phZi','M','1950-07-10','N'),(88,'MARCWILL2422','Mr','Marcus','B','Williams','','191-360-2422','mwilliam191@vivendi.com','mwilliam@twitter.com','6114 Big Bridge Street','','','','La Roche','Maré','Maré','NC','98878',-21.4780,168.0259,'mwilliam','mwilliam@line.com','$2y$10$13htziTyeUZJ.vZ5NE6Oz./sn1uWqDYVsyNIbBSj9bht/56KfKjOW','M','1962-01-12','N'),(89,'FRITCOMP5153','','Fritz','','Compton','','192-706-5153','fcompton192@vimpelcom.com','','2558 Red Stream Street','','','23','Logan Central','QLD','UNDERWOOD SOUTH','AU','4114',-27.6438,153.1073,'fcompton','','$2y$10$qxqlhvKBoweGEVuf8TKJxOxDTF/77T74Ih3ZHkkJpIyJ1xlWNZmi.','M','1996-09-08','Y'),(90,'JIMMFULL8104','Ms','Jimmie','J','Fuller','','193-348-8104','jfuller193@algonet.com','jfuller@twitter.com','6774 Little Canyon Avenue','','','','Esch-sur-Alzette','ES','Esch-sur-Alzette','LU','L-4322',49.4887,5.9971,'jfuller','jfuller@linkedin.com','$2y$10$IUquSNptgTsCk/5YZ2Tlwe8yo6Ov8lx4NuEX7KHwRXo4VI7cSTGwi','F','1951-02-28','N'),(91,'DOMIMCKE9220','Mr','Dominique','M','Mckee','','194-458-9220','dmckee194@turkcell.com','dmckee@linkedin.com','9853 Winding Tree Avenue','','','','Dhanugala','Virajpet','Kodagu','IN','571213',12.1798,75.9416,'dmckee','dmckee@facebook.com','$2y$10$0X0e06IOrQgnEQKHFG2WbOM9Vdyy7FSHocLcWck.LatHWfO7Mgu9i','M','1946-10-23','N'),(92,'CELETURN6037','','Celeste','','Turner','','195-266-6037','cturner195@belgacom.com','','8449 Little Canyon Way','Building 39','','','Sneek','Súdwest-Fryslân','Súdwest-Fryslân','NL','8605',53.0333,5.6720,'cturner','','$2y$10$evvu4rUbhYtWuO4WOs189uX2XuL3l9HGNtI0kvPluUFZBsHfBjx8S','F','1989-03-01','N'),(93,'MODECHER8426','Mr','Modesto','G','Cherry','','196-387-8426','mcherry196@ktc.com','mcherry@google.com','3696 Green Ditch Drive','','','','Upwell','England','Norfolk','GB','PE14',52.6025,0.2219,'mcherry','mcherry@linkedin.com','$2y$10$U7tZCc.bVZkI3CLuk17f9.lvdt26iSVCIqFTS7cwtxjryZPClrxNC','M','1945-04-23','N'),(94,'AVISWOOD0579','Ms','Avis','C','Woodward','','197-130-0579','awoodwar197@etisalat.com','awoodwar@linkedin.com','9703 Winding Gulch Boulevard','','','','ZONA 5','Ciudad de Guatemala','Ciudad de Guatemala','GT','1005',14.6328,-90.5199,'awoodwar','awoodwar@twitter.com','$2y$10$0wzIImM3/fXygYLa7OA8huc07u3TaAwx4z.vB/x2MgNx.ZZdErUn2','F','2002-11-08','N'),(95,'SIMOROSA4783','','Simon','','Rosas','','198-714-4783','srosas198@uunet.com','','2337 Blue Bough Way','','14','4C','West End','England','Norfolk','GB','NR30',52.6196,1.7276,'srosas','','$2y$10$5TWkj/kmSr5mma8qYxte7ebfgLe93T6.NqzOfzhFk3vUDr/Fl7zlK','M','1931-11-17','N'),(96,'SYDNGUZM9586','Mr','Sydney','K','Guzman','','200-619-9586','sguzman200@tata.com','sguzman@line.com','6120 Winding Bridge Boulevard','','','','Giltner','NE','Hamilton','US','68841',40.7654,-98.1434,'sguzman','sguzman@twitter.com','$2y$10$wydD0h89dl9M9fhbPeL6ieX1eJps32T86iax7e4pmuj6tI5vFBY1e','M','1963-02-05','Y'),(97,'JAZMMOOR6443','Ms','Jazmin','R','Moore','','202-524-6443','jmoore202@telecomitalia.com','jmoore@linkedin.com','3803 Winding Gulch Road','','','','West Holme','England','Dorset','GB','BH20',50.6739,-2.1558,'jmoore','jmoore@line.com','$2y$10$x7uQuxnvQ0.gtkqawHI1LeHRON.P0mc9ypAcIklKCdxIIsRgB4gaC','F','1950-08-20','N'),(98,'CONCHEND2619','Ms','Concha','K','Henderson','','203-393-2619','chenders203@ntt.com','chenders@skype.com','2138 Big Stream Street','','','','Páramo','Páramo','Pérez Zeledón','CR','11911',9.4984,-83.7561,'chenders','chenders@twitter.com','$2y$10$SywpA15u16koj/zdbPYEGevrDV56UfbSWvuW8jWXyGBv6I5gIJaGO','F','1931-05-02','N'),(99,'JEANREYE3948','','Jeanene','','Reyes','','204-827-3948','jreyes204@sktelecom.com','','1770 Short Mound Drive','','','92','Invernaver','Scotland','Highland','GB','KW14',58.5000,-4.2167,'jreyes','','$2y$10$oEmv/YavmiyunD6HhVFoB.Ajegiy7yEIZn94f5SianH6G8OH60eb.','F','1986-11-01','N'),(100,'NORBCHRI0108','Mr','Norbert','C','Christensen','','205-794-0108','nchriste205@uunet.com','nchriste@google.com','3379 Big Hill Boulevard','','','','Eskilstuna','D','Eskilstuna','SE','631 05',59.3666,16.5077,'nchriste','nchriste@linkedin.com','$2y$10$qUMuWX7ZYqoHm/nyunA/0.b.ZFXEkgTOZuO.KgzEtqhtjFJe2kJYi','M','1972-04-24','N'),(101,'HULDTYLE9096','Ms','Hulda','M','Tyler','','206-596-9096','htyler206@centurylink.com','htyler@google.com','784 Long Stream Circle','','','','Mehta','Ghansore','Seoni','IN','480999',22.6305,79.8636,'htyler','htyler@skype.com','$2y$10$zivtl6CfnUXjJausGFmiD.YrG4WehAKit.qQ0M8GT3hfzfwXGiR0e','F','1936-02-04','N'),(102,'LUISMUNO0227','','Luis','','Munoz','','207-747-0227','lmunoz207@millicom.com','','9753 Long Ditch Boulevard','','13','','Kourou','GF','Guyane','GF','97384 CEDEX',5.1628,-52.6427,'lmunoz','','$2y$10$UxiyWFURZs1wyOGp1UeWo.yEoLVSEZjGVr8R4sdgq4HOmCebD7S3u','M','1950-07-24','N'),(103,'MCKIPETE4105','Mr','Mckinley','C','Peters','','208-800-4105','mpeters208@glasnet.com','mpeters@line.com','3244 Red Gully Circle','Building 0F','','','Cedar Hill','TX','Dallas','US','75106',32.5885,-96.9561,'mpeters','mpeters@twitter.com','$2y$10$Sr4tEmz4N/oXhk/WdwJhYOE3QT12KgPN.7w.8AoE90wuIDfLZuiGm','M','1949-07-02','Y'),(104,'AUDRGRIF7345','Ms','Audria','Q','Griffin','','209-886-7345','agriffin209@seednet.com','agriffin@line.com','4509 Big Gulch Boulevard','','','','Chuuk','State of Chuuk','State of Chuuk','FM','96942',7.1383,151.5031,'agriffin','agriffin@skype.com','$2y$10$3ZYc/61mixlxKXCLoeYQ4OX8nI2nmUp0BrFwluvNkKE7K1SZ9ZLGa','F','1971-01-02','N'),(105,'STEVTRUJ6100','','Stevie','','Trujillo','','210-797-6100','strujill210@greennet.com','','3280 Short Gulch Circle','','','8','K G Marg','Allahabad','Allahabad','IN','211002',25.4795,81.9443,'strujill','','$2y$10$9irfRxeUbZ751DK2/JPlAucx.kVyGpJmOerNOCOkqI9Ztnnfk27ou','M','1956-06-02','N'),(106,'CARLBOWM9799','Mr','Carl','N','Bowman','','211-894-9799','cbowman211@telecom.com','cbowman@skype.com','6058 Blue Stream Way','','','','Dublin 17','','','IE','D17',53.4006,-6.2058,'cbowman','cbowman@linkedin.com','$2y$10$rSTGcefWnkf5QwwRtrXsqeyGVly8rAGdYJFKPiARmuGIwiNG8cO3a','M','1944-08-23','N'),(107,'LUISPARK9546','Mr','Luis','O','Park','','212-138-9546','lpark212@ntt.com','lpark@google.com','9987 Long Bridge Ride','','','','Talegalla Weir','QLD','BRIS CITY CNTRY','AU','4650',-25.6657,152.6858,'lpark','lpark@google.com','$2y$10$gtDm/7u/5dcQ/SED1RtWTeTIych43d7a.UbpMW0CzAyLq/2sF2LKW','M','1998-04-26','N'),(108,'KARILANG6012','','Karin','','Lang','','213-932-6012','klang213@frontier.com','','5711 Winding Bend Boulevard','','','','Inarajan','Guam','Guam','GU','96917',13.2944,144.7211,'klang','','$2y$10$dUBGRsdUWxo1UbZqUzaIgO88CNmLr0iDYh2bLXIut67x7tJ8nhYcy','F','1998-10-12','N'),(109,'CLARBOYD3821','Ms','Claribel','G','Boyd','','214-074-3821','cboyd214@safaricom.com','cboyd@skype.com','9430 Little River Drive','','','','Pickering Central','ON','Pickering','CA','L1X',43.8558,-79.0972,'cboyd','cboyd@twitter.com','$2y$10$rPpDpu0kXyf1znY.7lLCCerQ7EeRuq80yDIoEe5Wz4Vwhy6hqPbFy','F','1935-06-24','N'),(110,'BARRDURA2995','Mr','Barrett','N','Duran','','215-366-2995','bduran215@ktc.com','bduran@line.com','8190 Little Bend Circle','','','','Impasugong','','','PH','8702',8.3097,125.0019,'bduran','bduran@skype.com','$2y$10$AklX2Vszc9pxwtlKn2HO6u2aExUBrIV/O4P6jIiTIw1MX78zZYgoO','M','1951-01-09','N'),(111,'FORRTRUO3545','','Forrest','','Truong','','216-445-3545','ftruong216@telkom.com','','5440 Long Tree Street','','12','9','New Washington','OH','Crawford','US','44854',40.9571,-82.8504,'ftruong','','$2y$10$1mKFBh6gDBRZdS6RMbYGzurSvJa/3NBLgLHDtAxyCiKIdYTh5/K0O','M','1994-11-05','Y'),(112,'PRINBURK7303','Mr','Prince','S','Burke','','217-123-7303','pburke217@algonet.com','pburke@skype.com','2732 Long Mountain Drive','','','','Waldbreitbach','RP','Landkreis Neuwied','DE','56588',50.5500,7.4167,'pburke','pburke@google.com','$2y$10$zN4kg0SwKkc87xoMrp3hOexCsUq3kZs2ew2NSqE4BSnRc.CvISu9C','M','1935-08-22','N'),(113,'OLIVCAMA5331','Mr','Oliver','D','Camacho','','218-263-5331','ocamacho218@movil.com','ocamacho@linkedin.com','3172 Short Woods Drive','','','','Mollance','Scotland','Dumfries and Galloway','GB','DG7',54.9842,-3.9638,'ocamacho','ocamacho@twitter.com','$2y$10$o89auxX6Cl9dtLmcE8Y/OeD19VFm.YJ1J32VJPkekR6jF57XzoQ7u','M','1957-03-14','N'),(114,'NICOEATO0564','','Nicolasa','','Eaton','','219-865-0564','neaton219@icom.com','','763 Big River Drive','','','','Ouled Ameur','Khenchela','Khenchela','DZ','40011',35.1737,7.0289,'neaton','','$2y$10$OqDjWR6c2R.a6Zpqsq1CE.SuLD8XF3Y.Si8umcGpRK5hviKlj8ZtO','F','1988-10-09','N'),(115,'LAVOPERR3422','Ms','Lavona','W','Perry','','220-000-3422','lperry220@tata.com','lperry@facebook.com','8203 Red Tree Street','','','','Gragin','NSW','New South Wales','AU','2403',-29.6791,150.7711,'lperry','lperry@skype.com','$2y$10$5CIKVo20Ggb7hjP1Ni599OAGbRr25sfw.zc/rFFnVRBtsxgyoTt5q','F','1982-04-09','N'),(116,'GEORBREN6134','Ms','Georgeann','P','Brennan','','221-337-6134','gbrennan221@nordnet.com','gbrennan@skype.com','4125 Short Bridge Drive','Building D9','','','Saipan','Saipan','Saipan','MP','96950',15.1685,145.7408,'gbrennan','gbrennan@linkedin.com','$2y$10$f3il3qSzCqY9HMBIuqyuGejO5ghPbd/7DoI3OMnLUbnaqzPrHJS8C','F','1935-03-03','N'),(117,'JADWABBO8780','Dr','Jadwiga','','Abbott','Sr','222-408-8780','jabbott222@ooredoo.com','','6398 Green Gully Street','','','CD','Nanaimo South','BC','Nanaimo','CA','V9R',49.1609,-123.9825,'jabbott','','$2y$10$coyDBM12B4VCxilYaBIHvOQ6sTzRaYGHTUUl5y47XEsyKoeZKsZFi','F','1941-08-22','N'),(118,'LAURCORR6775','Mr','Laurence','O','Correa','','224-480-6775','lcorrea224@algonet.com','lcorrea@twitter.com','5309 Green River Way','','','','Chunda','NA','Jalor','IN','307029',25.4949,73.3203,'lcorrea','lcorrea@line.com','$2y$10$Nd0ueTpQaer8mdaw69WocOTHPpkNduYuB4xe08q2ASx/Wz.KEXBJS','M','1954-01-03','Y'),(119,'WINDROBB1028','','Windy','','Robbins','','225-561-1028','wrobbins225@etisalat.com','','3033 Long Mound Ride','','6','','Zabłocie','Biskupice','Powiat wielicki','PL','32-020',49.9707,20.1807,'wrobbins','','$2y$10$NZhPAmKOcYRfTNB5QHSuJOqpZ..uiSui9EU9tVhILWPLj0UkxpDUS','F','1944-11-29','N'),(120,'LYNEHILL5201','Ms','Lynell','O','Hill','','226-998-5201','lhill226@apicnet.com','lhill@linkedin.com','5870 Green Mound Circle','','','','Nyabing','WA','KALGOORLIE','AU','6341',-33.5413,118.1460,'lhill','lhill@twitter.com','$2y$10$jx5P0z734xYkBAzKMgpRxu0Rzf453XSm.mAeQFpGoCxRoc45Axmxm','F','1938-12-05','N'),(121,'TABIASHL3477','Ms','Tabitha','A','Ashley','','227-569-3477','tashley227@lookdata.com','tashley@facebook.com','8628 Blue River Way','','','','Cutchogue','NY','Suffolk','US','11935',41.0139,-72.4803,'tashley','tashley@twitter.com','$2y$10$M61GlwnKSVdmSMUE9/y.9Ow3GVFq3U8/LxUgldePdeE9f2ezCtKOS','F','1940-03-15','N'),(122,'LYDIBECK3877','','Lydia','','Beck','','228-096-3877','lbeck228@singtel.com','','6167 Big Bough Ride','','','FB','Coddenham','England','Suffolk','GB','IP6',52.1455,1.1170,'lbeck','','$2y$10$/lrdYcSTgSGISvVfFtkfBe5uVIeyM39HyN3soi/RcISEEXMhA7tTW','F','1962-08-25','N'),(123,'CHUCSERR3182','Mr','Chuck','X','Serrano','','229-320-3182','cserrano229@netcom.com','cserrano@linkedin.com','9541 Winding Ridge Way','','','','Palmoli','AB','Chieti','IT','66050',41.9394,14.5814,'cserrano','cserrano@line.com','$2y$10$KQo.D67QLYkO1dArURvG2ODEzptDpl9wmNgDXdgJuSLt.JPnf7Qvq','M','1945-10-12','N'),(124,'IKENELS5016','Mr','Ike','H','Nelson','','230-693-5016','inelson230@softbank.com','inelson@twitter.com','8877 Green Gully Drive','','','','Thayer','KS','Neosho','US','66776',37.4527,-95.4671,'inelson','inelson@skype.com','$2y$10$SC/gT4QXGqGpY1VAAENp9OH1utAwF.i5.sMuL8ydEOtb5Dgx7hvq6','M','1958-03-19','N'),(125,'BENJQUIN4672','Mr','Benjamin','P','Quintero','','232-901-4672','bquinter232@icom.com','bquinter@google.com','6149 Short River Drive','','','','Baisijahajirpur','Naugachia','Bhagalpur','IN','853204',25.5139,86.7362,'bquinter','bquinter@facebook.com','$2y$10$rIytbHnU9zra/nHQYKB53OuQCxhRiuqbMT6.6al25fqlWUW7KK3aa','M','1998-11-28','Y'),(126,'WOODCARR7286','Mr','Woodrow','C','Carr','','233-981-7286','wcarr233@nordnet.com','wcarr@line.com','6179 Blue Mountain Circle','','','','Pamandzi','Pamandzi','Pamandzi','YT','97615',-12.7949,45.2820,'wcarr','wcarr@line.com','$2y$10$n6FhH5kp0UdghvR8G4hEl.CqoVLa2y7ja/vrs1j7nPpezJyAW9oGK','M','1972-05-04','N'),(127,'CHRISTRI4968','Dr','Chris','','Strickland','Jr','234-619-4968','cstrickl234@optus.com','','7680 Blue Woods Street','Building 4D','9','4B','Peoli','Gopalganj','Gopalganj','IN','841436',26.2537,84.3396,'cstrickl','','$2y$10$Xwh3q39PGQkFolfTuxGYAemFeo.7ogvPANLsmEYhjel6I7orHLy9y','M','1966-09-04','N'),(128,'VERDFLOW1708','Ms','Verdell','D','Flowers','','235-052-1708','vflowers235@ote.com','vflowers@linkedin.com','7784 Blue Gully Drive','','','','Cerbaiola','','','SM','47898',43.9000,12.5000,'vflowers','vflowers@line.com','$2y$10$.oKyEOH2gTTbtCOABEW8wuRs0IXcanxdUrVtQyKx5qeB3jHcPGJbK','F','1941-07-08','N'),(129,'CHANPARK8819','Ms','Chantell','N','Parker','','236-121-8819','cparker236@daxnet.com','cparker@facebook.com','1254 Red Canyon Street','','','','Edmonton (Kaskitayo)','AB','Edmonton','CA','T6J',53.4564,-113.5210,'cparker','cparker@twitter.com','$2y$10$lRlZF1amGShQ6.QH7WMz0uPPVrTQ6RvvJiPsN3sAVfuTWJHtZLcua','F','1935-10-17','N'),(130,'LYNEPENA2877','Ms','Lynelle','F','Pena','','238-176-2877','lpena238@telus.com','lpena@google.com','7945 Red Bridge Boulevard','','','','Sacramento','CA','Sacramento','US','95822',38.5091,-121.4935,'lpena','lpena@google.com','$2y$10$WJQobSeVzGmtvDTLNBuS5.mAcwAuZmp9.XBhgg3QkU.c1yxabO/62','F','1977-11-26','N'),(131,'JACOHEND0197','Mr','Jacob','J','Hendrix','','239-476-0197','jhendrix239@apicnet.com','jhendrix@google.com','6843 Red Bough Ride','','','','Черник / Chernik','SLS','Дулово / Dulovo','BG','7651',43.8000,27.1167,'jhendrix','jhendrix@google.com','$2y$10$bb7CaWIVIOa3E6mLYUYgPek6viMAIK6MTMmlMsoIYH7iBhT9xtcK6','M','2000-04-17','N'),(132,'MATTHARP8379','','Matt','','Harper','','240-689-8379','mharper240@apicnet.com','','9433 Blue Bridge Ride','','','D3','Castle Hill','England','Suffolk','GB','IP1',52.0713,1.1444,'mharper','','$2y$10$BVZtXTxTBD/Mw2OdgsSu.uh9tpoxVAhk.U5OZYrk1I8466cTQVAT6','X','1991-12-21','Y'),(133,'PATRDRAK6222','Mr','Patrick','G','Drake','','242-172-6222','pdrake242@icom.com','pdrake@twitter.com','9191 Big Stream Circle','','','','Bayfield','NB','New Brunswick','CA','E4M',46.0919,-64.0173,'pdrake','pdrake@skype.com','$2y$10$KROMmWGtEvf.H0PN.RwWHOdstfGsEGXTHvBtjEDERXx0bFNK5fcXW','M','1994-06-13','N'),(134,'LAMAMEDR7787','','Lamar','','Medrano','','243-352-7787','lmedrano243@ptcl.com','','475 Winding Stream Ride','','15','','Fulgazi','Pashurampur','Feni','BD','3942',23.1461,91.4409,'lmedrano','','$2y$10$ouARHB3sbgAyeLrLeOt4nuCKaLUyOqVPS.jgI7/6zPVr3j0u9rVc2','M','1962-09-10','N'),(135,'YVONHURS3269','Ms','Yvone','T','Hurst','','244-436-3269','yhurst244@singtel.com','yhurst@skype.com','5612 Green Tree Boulevard','','','','West Roxbury','MA','Suffolk','US','2132',42.2787,-71.1589,'yhurst','yhurst@line.com','$2y$10$q1rDLDY9HeDNxbiKKJ9Di.SVU.GY5wqQYmrv2uD84GAaZBHnaiI0C','F','1951-06-07','N'),(136,'JUSTHOBB9626','Mr','Justin','G','Hobbs','','245-641-9626','jhobbs245@relcom.com','jhobbs@google.com','888 Big River Street','','','','Fourchu','NS','Nova Scotia','CA','B2J',45.7070,-60.4665,'jhobbs','jhobbs@google.com','$2y$10$hHgv4dgnl04elGWxoHRm6ORm6tvftz2T2OV.WT39TAXMpPAwNlUbO','M','1967-02-15','N'),(137,'OMARHOLL9445','','Omar','','Holloway','','246-582-9445','ohollowa246@orstom.com','','9360 Green Mountain Avenue','','','86','Anupagarh','Anupgarh','Ganganagar','IN','335701',25.6870,75.5395,'ohollowa','','$2y$10$Ni3REYfWisCCcmorEAHA0Or/5wAsnBtaz.56zKbE5l43u0xLuB04a','M','1933-08-19','N'),(138,'DENASTEP1261','Ms','Dena','T','Stephenson','','248-873-1261','dstephen248@ptcl.com','dstephen@linkedin.com','9806 Little River Circle','','','','Mount Britton','QLD','Queensland','AU','4742',-21.6431,148.4711,'dstephen','dstephen@line.com','$2y$10$7Zmn4i8rCY8vkAsjVAaI5eGKrv7XrfNaoOI1SNsDVy4eOiXAaST5G','F','1983-12-27','Y'),(139,'NOVEKIRB2209','','Novella','','Kirby','','249-261-2209','nkirby249@tata.com','','3729 Big Tree Street','','','','Supersano','PU','Lecce','IT','73040',40.0166,18.2421,'nkirby','','$2y$10$aKn8NdDqQDJ1Dwk5YWV6Q.w9JBAxlpzNJp53cmt0FTdkAPXzpzK26','F','1934-10-08','N'),(140,'KEILFRAN1565','Ms','Keila','Z','Frank','','250-256-1565','kfrank250@telenor.com','kfrank@skype.com','4568 Winding Gulch Drive','','','','Hampton','VIC','DANDENONG','AU','3188',-37.9372,145.0046,'kfrank','kfrank@twitter.com','$2y$10$IbtodlUmplXCf4KQ1BDe3ezYGhAmbtnl8W04xZDoW6g3btt16/0ku','F','1957-11-01','N'),(141,'HAZEGEOR9367','Ms','Hazel','Z','George','','251-775-9367','hgeorge251@unicom.com','hgeorge@twitter.com','1055 Red Woods Avenue','','','','San Rafael','San Rafael','Guatuso','CR','21501',10.6806,-84.7883,'hgeorge','hgeorge@facebook.com','$2y$10$b88vFLmjDuciRuqztc9fuu1ddv2gFkPPb9iM1GY9mj0.WFlQTfSt6','F','1934-07-18','N'),(142,'RUBIGREG8551','','Rubin','','Gregory','','252-936-8551','rgregory252@orstom.com','','5100 Big Mountain Boulevard','','1','20','Surrey South','BC','Surrey','CA','V4P',49.0561,-122.8302,'rgregory','','$2y$10$FdiHEy80t37en7VDX1.hkeVPGlaJePHbpl49ji9jlllvXWM9p/yOe','M','1932-04-10','N'),(143,'FERNFELI0820','Ms','Ferne','B','Felix','','253-483-0820','ffelix253@apicnet.com','ffelix@facebook.com','9985 Little Bough Road','','','','Palacios De San Pedro','CL','Soria','ES','42174',42.0163,-2.2731,'ffelix','ffelix@google.com','$2y$10$YpGvyw.hrU6NJFFcuUW.IeCf0dnSVVZGvR8KCUnR/T.ETkoFTjwxe','F','1995-03-17','N'),(144,'TOMABARK1512','Mr','Tomas','B','Barker','','254-168-1512','tbarker254@vimpelcom.com','tbarker@skype.com','8344 Green Canyon Ride','','','','Pethan','Jalalpore','Navsari','IN','396445',20.8500,72.9167,'tbarker','tbarker@skype.com','$2y$10$zO8j5aA42Hr9sTSWOeNX/.1X.esk7xC8hzHMggzDNO/hkMb23Frdm','M','1975-04-26','N'),(145,'CARLLOZA1383','','Carla','','Lozano','','255-818-1383','clozano255@bce.com','','2377 Long Gully Avenue','','','','Mont-Dore','Le Mont-Dore','Le Mont-Dore','NC','98810',-22.2626,166.5662,'clozano','','$2y$10$yE6PECk7IIO60yjmr/6cTOdAIjokerjuhpvCKAguOSfB6n64swzDC','F','1935-08-07','N'),(146,'HORAARCH9461','Mr','Horace','W','Archer','','256-309-9461','harcher256@ntt.com','harcher@facebook.com','4418 Blue Creek Road','','','','Joskeleigh','QLD','CENTRAL QLD','AU','4702',-23.3801,150.7786,'harcher','harcher@twitter.com','$2y$10$hC/u0ROyE8GD5nDxCWmDmuMV.qQQZjP3sNXHQ2dOQwFxJMfWJq90G','M','1972-01-11','Y'),(147,'HOSESTEP7293','Mr','Hosea','N','Stephens','','257-180-7293','hstephen257@worldnet.com','hstephen@line.com','3396 Red Bend Street','','','','St John','St. John','St. John','VI','830',18.3282,-64.7407,'hstephen','hstephen@linkedin.com','$2y$10$TRU1Hqh9n9Ba4vUvwpE5..sNG8NtpbG/ZPR2/b6LFCIk3Rohd3Tvq','M','1971-07-01','N'),(148,'SHELEVAN2697','','Shellie','','Evans','','258-690-2697','sevans258@access.com','','8745 Winding Woods Street','','','D0','Highclere','England','Hampshire','GB','RG20',51.3386,-1.3757,'sevans','','$2y$10$WpsldciCIwjisdi4rRzGTOVZDlBiQQqj/7AXMp3dxhHcBeY1aoaEy','F','1941-08-25','N'),(149,'MARILEST9354','Mr','Marion','W','Lester','','259-332-9354','mlester259@maxcomm.com','mlester@line.com','3866 Short Gulch Boulevard','','','','Saint-Paul','RE','Réunion','RE','97866 CEDEX',-21.0096,55.2707,'mlester','mlester@linkedin.com','$2y$10$kTtKv5ECweRT5wIlfgRWa.fLd3zpfwFXogZADgTFtO8LLq2tMbanu','M','1990-04-07','N'),(150,'EUGEGUER2594','Ms','Eugenie','F','Guerrero','','260-498-2594','eguerrer260@sktelecom.com','eguerrer@twitter.com','6053 Winding Bridge Road','Building 02','','','Ryngibah','Smit','East Khasi Hills','IN','793015',25.5232,91.9106,'eguerrer','eguerrer@skype.com','$2y$10$rlmxTVXx7WjKXk3v62Ov5eBWX9mtrV.PXy0PqLZbpSAaHdV0/9ZlW','F','1980-05-23','N'),(151,'DOUGPENA2242','','Douglas','','Pena','','261-536-2242','dpena261@ccs.com','','5334 Long Bend Street','','16','','Sigave','Circonscription de Sigave','Circonscription de Sigave','WF','98620',-14.2667,-178.1667,'dpena','','$2y$10$.S5UUIwBzMTndcycyPUnLuxD0Lm6f/O.ZBuViUAFHJYp057EFBpY.','M','1969-01-24','N'),(152,'SANTDELA1391','Mr','Santo','U','Delacruz','','262-982-1391','sdelacru262@maxcomm.com','sdelacru@linkedin.com','244 Red Creek Drive','','','','Beulah','MI','Benzie','US','49617',44.6306,-86.0025,'sdelacru','sdelacru@facebook.com','$2y$10$hlasbEsz4IssTBmPHqtZROpETa/ia8OLyCrMEKpxQHVqvA89BTOOy','M','1983-07-04','N'),(153,'MAREBUTL7100','Ms','Maren','G','Butler','','263-197-7100','mbutler263@safaricom.com','mbutler@skype.com','3756 Big Tree Avenue','','','','Manhay Dochamps','WAL','Luxembourg','BE','6960',50.2333,5.5333,'mbutler','mbutler@facebook.com','$2y$10$EE/rhu30/7NfJy.0cQwMvOhtslPZ677CPvraaVhuW736862RgZhOu','F','1982-11-14','N'),(154,'VALOPAYN7980','','Valorie','','Payne','','264-860-7980','vpayne264@netcom.com','','861 Winding Gulch Ride','','','21','Lakeland','QLD','Queensland','AU','4871',-15.9707,144.8036,'vpayne','','$2y$10$MgxZpCvyk.ezCyWNBXye/u.Qn2rIRFtVedF7UFZe09wwPG6cIjnka','F','1938-05-05','Y'),(155,'JAMIPOPE0922','Ms','Jamika','O','Pope','','265-003-0922','jpope265@telkom.com','jpope@linkedin.com','3598 Big Hill Avenue','','','','Luz Divina','','','DO','11004',19.3333,-71.4500,'jpope','jpope@skype.com','$2y$10$5eRlaqFcOxZBnDRDLed.Ku6MLpYD7zoEXDTO1.2IuBe2CFw6airlS','F','1956-09-08','N'),(156,'LIANRAND5244','Ms','Lianne','G','Randall','','266-270-5244','lrandall266@eunet.com','lrandall@facebook.com','8786 Green Woods Road','','','','Winnipeg (St. Boniface NE)','MB','Winnipeg','CA','R2J',49.8665,-97.0633,'lrandall','lrandall@twitter.com','$2y$10$ze5qaW9OFekVT6k1mFexqe19Qu1KN4Fsax0OmMfPw1zcTYEQWq9bC','F','1988-06-11','N'),(157,'PEARDAVI8177','','Pearlene','','Davila','','267-160-8177','pdavila267@ccs.com','','164 Green Bough Ride','','','','Sigave','Circonscription de Sigave','Circonscription de Sigave','WF','98620',-14.2667,-178.1667,'pdavila','','$2y$10$p8P8dRZimrs/Xv2nXbYdWOjwmakSfrCBoMJQxSf.4sa551XDwSC3O','F','1958-12-02','N'),(158,'GARTELLI3229','Mr','Garth','G','Elliott','','268-888-3229','gelliott268@kpn.com','gelliott@twitter.com','8718 Red Bough Street','','','','Grange Park','England','Greater London','GB','N21',51.6250,-0.1000,'gelliott','gelliott@twitter.com','$2y$10$9.ItSc2KvUkjgeA/xoq4xOjR.2pe6xG7EoLtdzLCp31Fzqj7.aB2q','M','1986-01-21','N'),(159,'RODRMCKE6200','Mr','Rodrick','G','Mckenzie','','269-895-6200','rmckenzi269@orstom.com','rmckenzi@linkedin.com','4551 Short Bridge Circle','','','','Uvéa','Circonscription d\'Uvéa','Circonscription d\'Uvéa','WF','98600',-13.2988,-176.2205,'rmckenzi','rmckenzi@skype.com','$2y$10$5NIV1nCQ0UKAdhc0OD4Ew.UN5Lo4ACiilMh2uyR79lRGTMTwm53RG','M','2003-10-07','N'),(160,'CLAIOCON7489','','Clair','','Oconnor','','270-388-7489','coconnor270@nordnet.com','','8646 Long River Ride','','17','22','New Valley','NSW','New South Wales','AU','2365',-30.1052,151.7015,'coconnor','','$2y$10$Qzdt6093XxhfOtFwSIygqeDHIF8N6bQkx8eRIV4QVH/bp2DBaoyLu','M','1974-06-10','N'),(161,'DAREDOMI0222','Mr','Darell','Z','Dominguez','','271-069-0222','ddomingu271@oi.com','ddomingu@line.com','7549 Short Gully Avenue','','','','Nes, Eysturoy','','','FO','655',62.0833,-6.7167,'ddomingu','ddomingu@linkedin.com','$2y$10$6xshut/ZPiQTvviumR8DyORD7inrbfmpKPY3j5jbxG0orNOL64AOi','M','1937-10-19','N'),(162,'TANICERV7401','Ms','Tanika','Z','Cervantes','','272-479-7401','tcervant272@centurylink.com','tcervant@facebook.com','6603 Long Mound Road','','','','Regent West','VIC','PRESTON','AU','3072',-37.7241,145.0179,'tcervant','tcervant@facebook.com','$2y$10$DB0/SntM3VgcI0Hm13/cC.nYx26A.VfldRqPOF1omvkizjjLidT4S','F','1989-12-19','Y'),(163,'STEVGRAV4434','','Steven','','Graves','','273-386-4434','sgraves273@ktc.com','','9088 Big Mountain Road','Building A1','','','Savonlinna','Savonlinna','Savonlinna','FI','57210',61.8791,28.9417,'sgraves','','$2y$10$Q0cwmNhx8r/1st15RoqVoeEYuwmva.JrMAasI4Ck6KzTqA.E0MSVC','M','2001-01-27','N'),(164,'VONDSTEW8153','Ms','Vonda','I','Stewart','','274-361-8153','vstewart274@ais.com','vstewart@linkedin.com','4011 Red Bridge Way','','','','Llandyssil','Wales','Powys','GB','SY15',52.5496,-3.1862,'vstewart','vstewart@twitter.com','$2y$10$B7TNizbS4IYgk2At7YOnxuP1nZba/3Qxh4Q.qaRu.T5TQ3..OwkJe','F','1930-03-21','N'),(165,'JUNIWATT9630','Mr','Junior','D','Watts','','275-325-9630','jwatts275@algonet.com','jwatts@twitter.com','5092 Winding Mound Circle','','','','Kayl','ES','Kayl','LU','L-3656',49.4898,6.0356,'jwatts','jwatts@skype.com','$2y$10$hBFMpr5bopCD2kfzciP3WOAopplm8QFw684Et.g1ZyTQx4U11QP9m','M','1937-06-01','N'),(166,'GAYLBALL3111','','Gaylene','','Ballard','','276-438-3111','gballard276@rogers.com','','9871 Long Stream Circle','','','59','Truro','NS','Nova Scotia','CA','B2N',45.3668,-63.2654,'gballard','','$2y$10$Q7n8ZsWNOa2q/SgzcmODIujoUAkq1zHiLwZPvPK9/H8eFLubNHF9u','F','1944-06-04','N'),(167,'ZENOCART8386','Ms','Zenobia','C','Carter','','277-413-8386','zcarter277@millicom.com','zcarter@skype.com','2566 Winding Tree Drive','','','','Pointe-à-Pitre','GP','Guadeloupe','GP','97174 CEDEX',16.2422,-61.5343,'zcarter','zcarter@facebook.com','$2y$10$WqO6j24L50id07TQIiOiW.T6cYQrpcU6glkIH5zMelqRL77UdXpIS','F','1951-09-22','N'),(168,'RAMIBARR0425','Mr','Ramiro','P','Barry','','278-588-0425','rbarry278@att.com','rbarry@skype.com','1898 Short Bend Road','','','','Wanbi','SA','SA SUBS NEAR 2','AU','5310',-34.7667,140.3167,'rbarry','rbarry@line.com','$2y$10$0wpq123to9xjJw4sh5nS2.Z6aUP6DgRQ5D2/nYOacbW.K.KwdTpzG','M','1943-10-22','N'),(169,'ROSECARR5692','','Rosendo','','Carrillo','','279-523-5692','rcarrill279@vivendi.com','','5940 Long Canyon Road','','11','','Gedney Broadgate','England','Lincolnshire','GB','PE12',52.6947,-0.0255,'rcarrill','','$2y$10$W2gJzJNG71/BlTKX1tx9oeeISlPBgomCvvwbjL4pECYoUIzdKnPQO','M','1947-10-25','N'),(170,'SILAWILL6683','Mr','Silas','S','Willis','','280-410-6683','swillis280@cubenet.com','swillis@linkedin.com','2754 Short Ditch Ride','','','','Niranarshingpur','Madha','Solapur','IN','413211',18.0272,75.1936,'swillis','swillis@google.com','$2y$10$bJxeX8hbrXTBiUUw2yVfxuRdmX3osNGF6gp3JIhQ9jIvckdACD0uG','M','1974-04-13','Y'),(171,'MIKEBERR7284','Mr','Mikel','J','Berry','','281-888-7284','mberry281@tm.com','mberry@line.com','7812 Green Gulch Road','','','','Buzău','Buzău','Buzău','RO','120229',45.1500,26.8333,'mberry','mberry@linkedin.com','$2y$10$WTuDOvhq3YsbUoOo4PGZVu6Rg3AaNlm7WqwwN42UegNIDTuxH5LV6','M','1989-04-03','N'),(172,'VONMELT1967','Dr','Von','','Melton','III','282-749-1967','vmelton282@vivendi.com','','1151 Green Mound Street','','','3B','Wisconsin Rapids','WI','Wood','US','54494',44.3758,-89.8062,'vmelton','','$2y$10$fHGOgPWeoAoyHB9CSKQgSuPm/SavVU7RGV5eL7aiMp3R2kJcsTiyK','M','1986-08-08','N'),(173,'TARYMAYN3566','Ms','Taryn','L','Maynard','','283-390-3566','tmaynard283@cubenet.com','tmaynard@linkedin.com','8001 Little Creek Ride','','','','Sant Julià de Lòria','','','AD','AD600',42.4667,1.5000,'tmaynard','tmaynard@skype.com','$2y$10$DL4uW6ki5hg2f12fj6dWIelIXHYPHgn0F6aa2tTKB3og97ciF9lIe','F','1940-04-21','N'),(174,'ELINCHAM6209','Ms','Elinore','F','Chambers','','284-737-6209','echamber284@ntt.com','echamber@line.com','4024 Big Creek Circle','','','','Clinton','MO','Henry','US','64735',38.4018,-93.7850,'echamber','echamber@twitter.com','$2y$10$Asv.I7I.cH6fbAADUuwNf.uUEv0.97rhJ6Yypn7C9w9AlQX7StZBu','F','1974-07-28','N'),(175,'KESHCLAY5934','','Kesha','','Clay','','285-106-5934','kclay285@algonet.com','','4853 Long Mound Avenue','','','','Piper City','IL','Ford','US','60959',40.7556,-88.1873,'kclay','','$2y$10$P8gRd07fG2mmCrSgN5JSUelDUCrnwDLfBWYhV10h6CTIeQ18YaRDu','F','1933-12-24','N'),(176,'JARRROWL1716','Mr','Jarrett','X','Rowland','','286-094-1716','jrowland286@daxnet.com','jrowland@line.com','4719 Red Tree Street','Building 70','','','Swilland','England','Suffolk','GB','IP6',52.1311,1.1965,'jrowland','jrowland@facebook.com','$2y$10$urLOFEMrNrIMtrcWccGNZ.I2UnerdQUat8qGD5qm3mfkslPrEcXHK','M','1935-12-13','N'),(177,'MICKELLI9288','Ms','Mickey','H','Ellis','','287-186-9288','mellis287@vodafone.com','mellis@linkedin.com','1131 Red Stream Avenue','','','','Kozlovski','Ciblas pag.','Ciblas pag.','LV','LV-5709',56.5358,27.8680,'mellis','mellis@google.com','$2y$10$yE5Y8mm3U705LslbftdxP.x/lsVrIqnvsu6fAICnapk6YWGKhdVF6','F','1965-07-25','N'),(178,'TIFFDUFF7129','','Tiffanie','','Duffy','','288-398-7129','tduffy288@cubenet.com','','1481 Winding Mound Way','','11','E3','Elverta','CA','Sacramento','US','95626',38.7233,-121.4497,'tduffy','','$2y$10$I4B7SatKWt7VsK7DCyVdV.8OiGOUedSVvf16ujSeKZFHgYQaCUYd.','F','1992-04-19','Y'),(179,'ADRIBOYL8884','Mr','Adrian','D','Boyle','','289-798-8884','aboyle289@relcom.com','aboyle@line.com','9930 Red Mountain Circle','','','','Ouanary','GF','Guyane','GF','97380',4.2087,-51.6741,'aboyle','aboyle@google.com','$2y$10$o3mlbZUtGRYbYqmO6NVmu.4kr1EbAiI.1XH7venEsDsosKQEUuZm2','M','1942-09-17','N'),(180,'MERLCLAY9583','Ms','Merlene','H','Clayton','','290-272-9583','mclayton290@ui.com','mclayton@linkedin.com','1748 Red Gulch Ride','','','','Rossglen','NSW','New South Wales','AU','2439',-31.6658,152.7251,'mclayton','mclayton@google.com','$2y$10$OzVk.fJsz2VEgV94sYicBu32lkoqcd1Lpp5jzvcMrQk33ALeDtFHi','F','1976-11-04','N'),(181,'QUINMOSL0535','','Quintin','','Mosley','','291-423-0535','qmosley291@ntt.com','','7321 Little Bend Avenue','','','','Усинск','Коми Республика','Коми Республика','RU','169710',65.9444,57.4519,'qmosley','','$2y$10$RyyKQ96QOQ0mBLuBSS8oRuMiiolhGckJpollHxNSxOtJACJBK47/e','M','1941-07-20','N'),(182,'LADOENGL1968','Ms','Ladonna','W','English','','292-698-1968','lenglish292@telecom.com','lenglish@google.com','1176 Big Creek Road','','','','Somta','NA','Jalor','IN','307803',25.0314,72.7209,'lenglish','lenglish@linkedin.com','$2y$10$Ovvv50GGEhMlN7BbdhjIiOhBZ18K8CPwj6EoPjAZaRYkvkRFbqzDy','F','1952-03-09','N'),(183,'ANTWPACE5810','Mr','Antwan','X','Pace','','293-178-5810','apace293@vodafone.com','apace@linkedin.com','1011 Blue Bridge Way','','','','Santa Luċija','Saint Lucia','Saint Lucia','MT','SLC',35.8617,14.5064,'apace','apace@skype.com','$2y$10$a9ey90BmKzbCdHptSXo/RemSNUUqCKTu8lqSdk1nm3Cja.3DB0RsK','M','1996-12-04','N'),(184,'BONNWILL3399','','Bonny','','Willis','','294-257-3399','bwillis294@telecom.com','','7532 Green Stream Boulevard','','','49','West Swan','WA','STIRLING','AU','6055',-31.8476,115.9799,'bwillis','','$2y$10$wm58Wf/DFi7P3GPS8wUat.fGNdP/FlmoWufXCbnNGRd5Nq37JuTq.','F','1976-02-23','N'),(185,'CARYBAUE5747','Ms','Caryn','D','Bauer','','295-128-5747','cbauer295@jio.com','cbauer@skype.com','7371 Big Tree Ride','','','','Глиница','Mozyr','Mozyr','BY','247765',52.0536,28.9581,'cbauer','cbauer@skype.com','$2y$10$YS63kVAk4HfrxjXpj/ENqO9yQssPuYQ2Fpwp3dLCCWyIk3hZ/KmuC','F','1934-09-28','N'),(186,'CARRGRAN2069','Mr','Carroll','A','Grant','','296-690-2069','cgrant296@oi.com','cgrant@line.com','4314 Winding Ditch Way','','','','Courtenay Northern Outskirts','BC','Courtenay','CA','V9J',49.7242,-125.2604,'cgrant','cgrant@google.com','$2y$10$dk5MVzhlx67SkgoEAjPzQOsQ9J3XE8LT40coYCl5tyxKVGFQqeHia','M','1963-01-12','Y'),(187,'JENNGATE8721','','Jennifer','','Gates','','297-902-8721','jgates297@lookdata.com','','2707 Big Gully Way','','16','','Uvéa','Circonscription d\'Uvéa','Circonscription d\'Uvéa','WF','98600',-13.2988,-176.2205,'jgates','','$2y$10$k75mlqWjBbFZ/C6eMHf.vefuKa5GtgLdL9RIV8YA3mOJLsetaO8yK','F','1995-03-07','N'),(188,'MEGASOSA1084','Ms','Megan','K','Sosa','','298-670-1084','msosa298@ote.com','msosa@facebook.com','7045 Red Canyon Circle','','','','Stockrington','NSW','New South Wales','AU','2322',-32.8072,151.6739,'msosa','msosa@linkedin.com','$2y$10$LwqTvw.1N0VsttHsQHmwHOkz6BtFMzON3tNjcBbXVhed.6IxyVYGK','F','1991-07-03','N'),(189,'NEWTRAMO1318','Mr','Newton','A','Ramos','','299-392-1318','nramos299@telesystems.com','nramos@twitter.com','8492 Green Gulch Way','Building 90','','','Haldarsvik','','','FO','440',62.2833,-7.0833,'nramos','nramos@linkedin.com','$2y$10$pnPDijEJofQNkkBDALMaoOW7/.eD2DsCmciIuU5kQmbEWRx.U0bNC','M','1937-02-24','N'),(190,'NORATRUO6871','','Nora','','Truong','','300-850-6871','ntruong300@vivendi.com','','7123 Short Ridge Ride','','','B7','Modesto','IL','Macoupin','US','62667',39.4760,-89.9794,'ntruong','','$2y$10$KkFUGbANVUUbqYL/Xz5N9OGHxDUxyoKuqnFVxYhD/nD4RjKPGNjE2','F','1983-12-01','N'),(191,'KIMBALL0961','Mr','Kim','N','Ball','','301-309-0961','kball301@algonet.com','kball@facebook.com','7341 Blue Mountain Drive','','','','Steinhorst','SH','Kreis Herzogtum Lauenburg','DE','23847',53.7167,10.4833,'kball','kball@google.com','$2y$10$8Wcjndc8pAwaEhntAQ407.33qaIvj7Jh7S4cWOxK8RK3jB8TDyRHu','M','1976-10-18','N'),(192,'PHILDUAR9445','Mr','Phil','K','Duarte','','302-321-9445','pduarte302@icom.com','pduarte@facebook.com','9883 Big Mountain Street','','','','Black Snake','QLD','SUNSHINE MT ISA','AU','4600',-26.1644,152.2093,'pduarte','pduarte@google.com','$2y$10$sPJ9df9Ig/Z.fTEk5cbn5ub2alEYV6gPm.Ljxk8Q5mphceXshtBQG','M','1967-11-03','N'),(193,'KATHPARR5478','','Kathaleen','','Parra','','303-275-5478','kparra303@bt.com','','665 Red Bridge Street','','','','Ledine Klanječke','Klanjec','Klanjec','HR','49290',45.9462,15.7906,'kparra','','$2y$10$vPZlYos7bdD.SFOk4Aja1ebjkWtTXziT4rICwkT5hKa0Zorq7YJ56','F','1938-02-12','N'),(194,'CONNWALT8760','Ms','Connie','A','Walter','','304-971-8760','cwalter304@telekom.com','cwalter@facebook.com','3338 Short Ditch Boulevard','','','','Mugeary','Scotland','Highland','GB','IV51',57.3833,-6.2667,'cwalter','cwalter@linkedin.com','$2y$10$GIhEVvzxYGRMwQv4Y98lu.Q3bKSSIEaACvNO3T.gPs2IzVE0cbOQy','F','1947-10-06','Y'),(195,'FERDSTEV2118','Mr','Ferdinand','N','Stevenson','','305-891-2118','fstevens305@etisalat.com','fstevens@google.com','5420 Blue Mountain Ride','','','','Żabbar','Ħaż-Żabbar','Ħaż-Żabbar','MT','ZBR',35.8750,14.5417,'fstevens','fstevens@google.com','$2y$10$29Uy2Y11eO3mcaW3Npi8zOf98HX1s1WU3/o3wGH7JOUqFCTB7bQky','M','1959-04-09','N'),(196,'CLETAREL4529','','Cletus','','Arellano','','306-073-4529','carellan306@ote.com','','8400 Winding Creek Drive','','8','4C','Dafen','Wales','Carmarthenshire','GB','SA14',51.7569,-4.0662,'carellan','','$2y$10$a36/7f9SfHR2pFuZ8BOOZ.eiTBpkRbag0pIxuwUQBfJd9BIPGf7Si','M','1997-11-19','N'),(197,'HERMBENN8581','Ms','Herminia','T','Bennett','','307-459-8581','hbennett307@vivendi.com','hbennett@skype.com','8303 Long Woods Boulevard','','','','Kirkop','Kirkop','Kirkop','MT','KKP',35.8442,14.4842,'hbennett','hbennett@line.com','$2y$10$/6waY3kmXPV4ydKHdzqBWudrLzKFr/okbYNlMpUZ1a0NZdEctzYMS','F','1981-08-03','N'),(198,'DARRAYAL4104','Mr','Darrick','O','Ayala','','308-219-4104','dayala308@softbank.com','dayala@google.com','2586 Short Gulch Circle','','','','Lehra','Ludhiana','Ludhiana','IN','141118',31.8558,75.9211,'dayala','dayala@skype.com','$2y$10$Gi.w9AsuNLvIzlVqltl9Ke/S0J7b0vixOkOsAXSuLn/aPVU/kQZuy','M','1952-02-05','N'),(199,'BRANFITZ3566','','Brandie','','Fitzpatrick','','309-151-3566','bfitzpat309@telstra.com','','4153 Big Gulch Ride','','','','Karup J','Silkeborg Kommune','Silkeborg Kommune','DK','7470',56.1757,9.0321,'bfitzpat','','$2y$10$Evh94QTgQ.8omcJVjZCdH.WXkGvzh5Cf9xPmF9zNGqbaoCE22zesi','F','1986-01-10','N'),(200,'CHARMORA1550','Mr','Charles','F','Mora','','310-198-1550','cmora310@telstra.com','cmora@linkedin.com','4443 Green Bend Circle','','','','Kars Springs','NSW','HUNTER','AU','2337',-31.9000,150.5667,'cmora','cmora@linkedin.com','$2y$10$mc4x.G2D70GsqvphHdc.WebyI1DA3hcF9WDX3nzitzchBPzGaFJte','M','1936-09-06','N'),(201,'ALDEJENK1341','Mr','Alden','H','Jenkins','','311-854-1341','ajenkins311@optus.com','ajenkins@google.com','2509 Short River Road','','','','Floreni','Anenii Noi','Anenii Noi','MD','MD-6521',46.9347,28.9928,'ajenkins','ajenkins@facebook.com','$2y$10$3nsx8qR7tkwEuVVCmeZrc.Ul3kAac.ALlnrjqnyePPtrrbrCi7Aee','M','1993-01-09','N'),(202,'DANABERR0107','','Dana','','Berry','','312-040-0107','dberry312@openworld.com','','4915 Little Woods Way','Building 43','','B8','Goodwood','QLD','BRIS CITY CNTRY','AU','4660',-25.1457,152.4103,'dberry','','$2y$10$LFpn4VH76fShBx/TPmNpkemytXDnmbNTClKEbhsQq4JhQe/XfX/iO','M','1964-01-16','Y'),(203,'RUDOCOLE2553','Mr','Rudolf','Y','Cole','','313-820-2553','rcole313@cci.com','rcole@facebook.com','4844 Green Mound Circle','','','','Wengi b. Frutigen','BE','Frutigen-Niedersimmental District','CH','3714',46.5753,7.7369,'rcole','rcole@skype.com','$2y$10$5QTavcm3c2Vke7Qf4jhqmu/ZLWl2JqlbEGWKTt4RXA5mAIN3Nq0Cu','M','1931-07-27','N'),(204,'DEANSCHU0847','Ms','Deandra','N','Schultz','','314-113-0847','dschultz314@ccs.com','dschultz@linkedin.com','2574 Short Creek Way','','','','Marietta','GA','Cobb','US','30062',34.0025,-84.4633,'dschultz','dschultz@line.com','$2y$10$cC0bmYSlekYvrKYEu0zqBOzy9Ng8Gkm1esmDs9DJllR5UwxCqHWXC','F','1940-06-15','N'),(205,'CLEMWILK4068','Ms','Clementina','Y','Wilkinson','','316-655-4068','cwilkins316@kpn.com','cwilkins@line.com','2042 Green Gulch Boulevard','','','','Aspermont','TX','Stonewall','US','79502',33.1301,-100.2344,'cwilkins','cwilkins@line.com','$2y$10$f4X4arqhp7re5SMIOD0w6.MnoepdoeosHvj.jqV3R.NMOo2y5Dv7m','F','1985-07-22','N'),(206,'GARFBAUE0056','Mr','Garfield','O','Bauer','','317-314-0056','gbauer317@algonet.com','gbauer@twitter.com','9435 Little Mountain Drive','','','','Vinogradnoe','Grigoriopol Tr.','Grigoriopol Tr.','MD','MD-4029',47.0833,29.4919,'gbauer','gbauer@facebook.com','$2y$10$KaTa5EL913k3Vjr5JumCOuwVIL8S5p1C9pL0CYCed90z0hUuWQRuq','M','1964-06-06','N'),(207,'SHERBARR9221','','Shera','','Barry','','318-587-9221','sbarry318@centurylink.com','','3781 Big Ridge Road','','','A8','Filgrave','England','Buckinghamshire','GB','MK16',52.1270,-0.7286,'sbarry','','$2y$10$OQ3uL/DAiNVqKOASZBvrpu1jo6VbZFL0a6fbjvZPvd9PQ/n6PZ9QO','F','1987-10-26','N'),(208,'DUSTESPI5206','Mr','Dusty','J','Espinosa','','319-431-5206','despinos319@lguplus.com','despinos@google.com','9102 Long Bough Avenue','','','','Excelsior','','','ZA','9760',-25.8333,30.5167,'despinos','despinos@skype.com','$2y$10$/m2a/T8O7sJesTSTdbKBheBjmNwQSV5EQ7Bs26LU0m/lQTXx3tyky','M','1991-08-27','N'),(209,'ELIJACOS3021','Ms','Elijah','D','Acosta','','320-505-3021','eacosta320@maxcomm.com','eacosta@facebook.com','1863 Green Bridge Avenue','','','','Meandarra','QLD','TOOWOOMBA SE CNR','AU','4422',-27.3228,149.8825,'eacosta','eacosta@google.com','$2y$10$IJKbcY7eh.6Hepa5UQeWce.DEGZ5el9YFWSVm1uMxSkWi/QkJBh4u','X','1958-03-16','Y'),(210,'VIRGVELA2247','','Virgil','','Velazquez','','321-472-2247','vvelazqu321@worldnet.com','','4273 Little Mountain Road','','','','Saint-Denis','RE','Réunion','RE','97409 CEDEX 9',-20.8823,55.4504,'vvelazqu','','$2y$10$.V1cejUtga8uk6Ap6YJ8oeY36JWTfGgkJQtk0cM4UrDxFOMet3/Nu','M','1957-08-20','N'),(211,'CRUZEVER2395','Mr','Cruz','D','Everett','','322-630-2395','ceverett322@telus.com','ceverett@twitter.com','2284 Little Bend Boulevard','','','','Clybucca','NSW','NSW NORTH COAST','AU','2440',-30.9377,152.9413,'ceverett','ceverett@skype.com','$2y$10$TQzHrlvHKeDvSRGzx3A7xOZpUMF8YhP8kykPwGegPq7igIC7khs16','M','1965-08-04','N'),(212,'MARISNOW2719','Ms','Maritza','S','Snow','','323-378-2719','msnow323@ntt.com','msnow@twitter.com','8750 Blue Tree Street','','','','Grevenmacher','GR','Grevenmacher','LU','L-6731',49.6795,6.4456,'msnow','msnow@skype.com','$2y$10$YefkxfHibhJ7OCJiZxA5jeVU50u/VsXXBSSNAOWJEZ5C0jFdNXlWK','F','1978-05-12','N'),(213,'ROOSPHAM6748','','Roosevelt','','Pham','','324-598-6748','rpham324@nii.com','','8629 Green Creek Boulevard','','8','BF','Metchosin','BC','British Columbia','CA','V9C',48.3829,-123.5359,'rpham','','$2y$10$cpCsCPYwwnWXhdZ0RF82l.sbe3/W7lf1UAeXWFzIb4EO1Ky3zdtsK','M','1964-05-25','N'),(214,'STELFOST5047','Ms','Stella','L','Foster','','325-521-5047','sfoster325@netcom.com','sfoster@linkedin.com','3801 Big Bend Way','Building B5','','','Tamuning','Guam','Guam','GU','96931',13.4443,144.7863,'sfoster','sfoster@line.com','$2y$10$nBHYeF6QQo0H9EAJlB.DIuXAZx019uzFP8DTeEFL2zsb/v.aRrRLm','F','1981-08-23','N'),(215,'JACKSUTT7604','Mr','Jack','T','Sutton','','326-986-7604','jsutton326@movil.com','jsutton@skype.com','592 Green Bridge Ride','','','','Murmuri','Chamorshi','Gadchiroli','IN','442603',19.9619,79.8687,'jsutton','jsutton@facebook.com','$2y$10$hYcjwa20YX0YO3gyGki6qOtwXMF/2W2HrOzHQYXSTudmE89ZrxJeC','M','1950-06-19','N'),(216,'CHERTODD9448','','Cherryl','','Todd','','327-917-9448','ctodd327@att.com','','251 Long Ridge Street','','','','St John','St. John','St. John','VI','831',18.3273,-64.7864,'ctodd','','$2y$10$bEek9NjqkLPTSmH.xQghauCBGaLJJOeQvO920ObhpzRKT3nTodECK','F','1960-05-24','N'),(217,'FLORJACK5122','Ms','Florene','L','Jackson','','328-452-5122','fjackson328@chunghwa.com','fjackson@facebook.com','3258 Red Gully Road','','','','Sorel Southwest','QC','Sorel','CA','J3R',46.0206,-73.1439,'fjackson','fjackson@google.com','$2y$10$qQkNPBzoGeZCfT5t0iC42.Q00uoP39lmiwNDpf7Te.PLA1OjAPFEu','F','1987-10-16','Y'),(218,'ABRABECK0634','Mr','Abram','G','Becker','','329-931-0634','abecker329@glasnet.com','abecker@facebook.com','6809 Little Canyon Boulevard','','','','København V','Københavns Kommune','Københavns Kommune','DK','1619',55.6759,12.5655,'abecker','abecker@skype.com','$2y$10$rfMf1GsUE8HV2Qc2cNQRbeNtI8iTRTWzwqDNp44sV.qPnbfhIWJqG','M','1990-12-29','N'),(219,'TANYPARR0075','','Tanya','','Parrish','','330-484-0075','tparrish330@ais.com','','3125 Little Woods Boulevard','','','DD','Tucson','AZ','Pima','US','85704',32.3379,-110.9855,'tparrish','','$2y$10$SccwZJgBBuvpmIscdk3tAuWHENQ6.KPXAVINZGaLZA6aC7IoO361K','F','1977-03-28','N'),(220,'DOMIVELA5155','Mr','Dominic','M','Velazquez','','331-990-5155','dvelazqu331@movil.com','dvelazqu@skype.com','6763 Winding Stream Way','','','','Agete','OAX','San Pedro Pochutla','MX','70902',15.7619,-96.4508,'dvelazqu','dvelazqu@twitter.com','$2y$10$klfwY1MUNcQMf8SnQsMqne7KLRoBLSoagYiOIBHTrDT2SLJwPuO6a','M','1987-05-03','N'),(221,'KYLEEATO0422','Ms','Kylee','H','Eaton','','332-254-0422','keaton332@telkom.com','keaton@twitter.com','8642 Red Ditch Ride','','','','Rushy Lagoon','TAS','Tasmania','AU','7264',-41.0696,147.9241,'keaton','keaton@google.com','$2y$10$af/PF7aRa8IG8PDYqerlteKaB4.uJTDbHTUl7yLErH6fO1i9FwdVC','F','1936-04-07','N'),(222,'HENRDAUG2423','Dr','Henriette','','Daugherty','Jr','333-652-2423','hdaugher333@telecomitalia.com','','8974 Short Bough Ride','','8','','Corozal','Corozal','Corozal','PR','783',18.3411,-66.3168,'hdaugher','','$2y$10$khRn6X./XULXhOkVRws4eOBtALPJp1RyFye6qkoSVkiw/ZA7ldnyC','F','1961-09-03','N'),(223,'GLENKAUR8843','Mr','Glen','Q','Kaur','','334-346-8843','gkaur334@vodafone.com','gkaur@facebook.com','2062 Big Canyon Drive','','','','Columbus','OH','Franklin','US','43211',40.0118,-82.9732,'gkaur','gkaur@linkedin.com','$2y$10$ZL/DpFObN00XTflLcjMPP.xXE41RTDLj768EfcV2dnvxJ.EnNEhJa','M','1939-05-04','N'),(224,'JEROHART6063','Mr','Jeromy','Y','Hartman','','335-019-6063','jhartman335@vimpelcom.com','jhartman@linkedin.com','3421 Red Mountain Drive','','','','Diepenbeek','VLG','Limburg','BE','3590',50.9000,5.4000,'jhartman','jhartman@google.com','$2y$10$ouHHI2HAAbTxKYWgiSY.qeiqTYc9hflijyqy0ARr11CHjsMbCh5fW','M','1997-08-01','N'),(225,'AYANHUGH8580','','Ayanna','','Hughes','','336-184-8580','ahughes336@safaricom.com','','8616 Short Woods Street','','','92','Oshawa Southeast','ON','Oshawa','CA','L1H',43.9721,-78.8837,'ahughes','','$2y$10$hWaNSYW/Ugrs.qHrIZpnLOWWqIVD6MYpRBLvi28o6chO3s1qDZUZa','F','1941-04-23','Y'),(226,'LANDTAPI5514','Mr','Landon','Y','Tapia','','337-560-5514','ltapia337@netcom.com','ltapia@google.com','8871 Long Ridge Drive','','','','Žalec','','','SI','3310',46.2515,15.1648,'ltapia','ltapia@line.com','$2y$10$ryLmZm1rW5tOqgM4HrlP3ujYMk70ydQIapbvq.TW11EVuwSSdh4Ua','M','1976-07-09','N'),(227,'ZONIMAGA7667','Ms','Zonia','E','Magana','','338-551-7667','zmagana338@maxcomm.com','zmagana@twitter.com','5099 Winding Bridge Circle','Building 19','','','Edmonton (Meadows)','AB','Edmonton','CA','T6T',53.4617,-113.3710,'zmagana','zmagana@skype.com','$2y$10$4fFaSeV3ElEh7IJH5WeVN.md4TqAY7hx8NJMmCEHkpg35j1tXV.CK','F','1930-01-09','N'),(228,'CASEDONA5488','Mr','Casey','E','Donaldson','','340-160-5488','cdonalds340@telecomitalia.com','cdonalds@line.com','7544 Long Stream Road','','','','Tusda','Mahasamund','Mahasamund','IN','493445',21.0095,82.2183,'cdonalds','cdonalds@google.com','$2y$10$mU6Rrp7W7prsE/9fdjyGJeVsiYfGNrgvXRakqxc6rbJKm55gft7SC','M','1984-10-02','N'),(229,'SONWILS9622','Mr','Son','N','Wilson','','341-310-9622','swilson341@ote.com','swilson@twitter.com','5670 Little Stream Boulevard','','','','Oyrarbakki','','','FO','400',62.2000,-6.9833,'swilson','swilson@skype.com','$2y$10$MtKUN87DeAsdPB3Th75OteHrjFu7FgPpA6HB1GMv7ha1w7NwW3Mca','M','1974-01-12','N'),(230,'MARIHUNT8426','','Marita','','Hunt','','342-509-8426','mhunt342@cci.com','','5695 Short River Drive','','6','1F','Sydney','NSW','New South Wales','AU','1148',-33.8678,151.2073,'mhunt','','$2y$10$dlgmT3sNb9NT6YjkAwZtNej0rE4EeHNcU0n8C2RDz4iwCq7oPF.7C','F','1973-09-13','N'),(231,'BERRHOLM6324','Mr','Berry','A','Holmes','','343-996-6324','bholmes343@airtel.com','bholmes@skype.com','1082 Green Mountain Ride','','','','Christiansted','St. Croix','St. Croix','VI','821',17.7342,-64.7347,'bholmes','bholmes@facebook.com','$2y$10$273UYiqHh9/HhSKojLnAOunX3pDEIgXUqUH54SCWA923Wml.G/EkK','M','1988-10-10','N'),(232,'GASTSTEI6900','Mr','Gaston','W','Stein','','344-649-6900','gstein344@oi.com','gstein@linkedin.com','5189 Short Ridge Way','','','','North End','England','Berkshire','GB','RG20',51.4030,-1.3375,'gstein','gstein@linkedin.com','$2y$10$OzkwweNuE8CmPaEM8vcCrOnyrVTyC9qZBnNXDHWKflarYBBhjNwjO','M','1948-11-03','Y'),(233,'BRENMONT6322','','Brendan','','Montgomery','','345-726-6322','bmontgom345@greennet.com','','3992 Little Ditch Avenue','','','','Sissala','Alajärvi','Järviseutu','FI','62720',63.0171,23.6406,'bmontgom','','$2y$10$x25KCj13GU4v5jD.9ZlLoOisO6GWmW6iGuAO0Db.Rxe3CjhgiPXcS','M','1977-07-08','N'),(234,'HERIRIVA0431','Mr','Heriberto','X','Rivas','','346-001-0431','hrivas346@kddi.com','hrivas@line.com','9961 Big Hill Way','','','','Karoonda','SA','SA SUBS NEAR 2','AU','5307',-35.0945,139.8934,'hrivas','hrivas@facebook.com','$2y$10$J3xvA4rJkteAtLkIa/Q.her9FSI1MRwQ4V3DRfwqBthT1chEfeXCa','M','1954-11-02','N'),(235,'KASHQUIN4935','Ms','Kasha','F','Quintero','','347-405-4935','kquinter347@cubenet.com','kquinter@google.com','6693 Short River Road','','','','Limoncito','Limoncito','Coto Brus','CR','60804',8.8464,-83.0467,'kquinter','kquinter@linkedin.com','$2y$10$yJ1sBB3TqEsYMo2f60dVE.2a10bC4JTi9WOxn/p.ZL9LeVY0/gIv6','F','1940-06-20','N'),(236,'PAULTAYL4140','','Paul','','Taylor','','348-889-4140','ptaylor348@telecom.com','','9457 Big Canyon Ride','','','8','North Carlton','England','Lincolnshire','GB','LN1',53.2870,-0.5833,'ptaylor','','$2y$10$9QgtT0lWDr7YQkA9FX4Y7.dqzhEy4eaUK/vy/Gy9okmBbMyGMIJkG','M','1934-05-28','N'),(237,'ILENAGUI6148','Ms','Ilene','I','Aguilar','','349-360-6148','iaguilar349@unicom.com','iaguilar@skype.com','1026 Long Ridge Ride','','','','Derinkuyu','Derinkuyu','Derinkuyu','TR','50700',38.3751,34.7342,'iaguilar','iaguilar@facebook.com','$2y$10$lriEMo9KcwOnO4Mn/nB1a.eijj8ByJ2KFmhHVRoXLvwdUl5HXngGS','F','1996-09-20','N'),(238,'LORIFERN3191','Ms','Lorilee','B','Fernandez','','350-982-3191','lfernand350@singtel.com','lfernand@google.com','5419 Short Mountain Circle','','','','Waterford','CA','Stanislaus','US','95386',37.6520,-120.7292,'lfernand','lfernand@skype.com','$2y$10$neXU61MbDNmhWk.3zy95M.6hibnb41W9RgeONW9orqdbbHFO1O0Kq','F','1947-10-16','N'),(239,'ANIBSAWY5623','','Anibal','','Sawyer','','351-817-5623','asawyer351@maxcomm.com','','1221 Green Bough Ride','Building FD','6','','Konská','ZI','Liptovský Mikuláš','SK','032 04',49.1179,19.7177,'asawyer','','$2y$10$4C05EOP49tdY6NRZy9r7AOT/UlQvQzEHzKMl/C9kyyyb88YL1bDKe','M','1964-01-21','N'),(240,'WESLGARD6750','Ms','Wesley','L','Gardner','','352-829-6750','wgardner352@optus.com','wgardner@skype.com','1159 Red Mountain Circle','','','','Porthtowan','England','Cornwall','GB','TR4',50.2842,-5.1390,'wgardner','wgardner@linkedin.com','$2y$10$KB02pjtKN8ny7t6KkVIqa.wU.u6btdT9AVGK3PqWnS52J5giYSE.C','F','1973-09-14','Y'),(241,'BEATNOLA4442','Ms','Beatriz','Z','Nolan','','353-267-4442','bnolan353@verizon.com','bnolan@facebook.com','4827 Long Bridge Boulevard','','','','Paredes','Pala Mrt','Mortágua','PT','3450-313',40.4550,-8.2621,'bnolan','bnolan@twitter.com','$2y$10$g4.FikEYkSNyZ4Lu.wXvgeg4h9l7WTPRClO4SF9eQ9M/2eaDK0HdC','F','1960-12-01','N'),(242,'OSCAAGUI6055','','Oscar','','Aguirre','','354-536-6055','oaguirre354@singtel.com','','8910 Big Ridge Way','','','9C','North Dighton','MA','Bristol','US','2764',41.8529,-71.1485,'oaguirre','','$2y$10$4Nt.gojoKG5UB5DvzsGmretWNE5gO3UPnm8lWnFK3ujG4.zud34a2','M','1994-06-08','N'),(243,'DIONPITT4597','Mr','Dion','U','Pittman','','355-660-4597','dpittman355@econnect.com','dpittman@facebook.com','9849 Red Mound Street','','','','Мохсоголлох','ХАНГАЛАССКИЙ РАЙОН','ХАНГАЛАССКИЙ РАЙОН','RU','678020',61.4681,128.9203,'dpittman','dpittman@facebook.com','$2y$10$.x2bCy1s09o5wlClS6B/r.53/OOJ.5tc/JCg2cf7TlqHI7dzD2WEm','M','1937-12-30','N'),(244,'LEENGLEN0220','Ms','Leena','Q','Glenn','','356-590-0220','lglenn356@ui.com','lglenn@skype.com','8041 Big Creek Boulevard','','','','Mangrul','Nagbhir','Chandrapur','IN','441221',20.7848,79.3300,'lglenn','lglenn@twitter.com','$2y$10$F6srMdzZBx7.qMgsGSFBB.uNTtUCNKfizfPpFNUdmx5Ujif0t.vaS','F','1988-06-23','N'),(245,'JOSHTREV1840','Dr','Joshua','','Trevino','II','357-229-1840','jtrevino357@verizon.com','','6789 Red Bough Street','','','','Sund','Sund','Sund','AX','22530',60.2275,20.1999,'jtrevino','','$2y$10$VJpHTV3XjlhqgSaWJxWcheKXm6z9TiJVnd50hApaG8foRWw1pPecW','M','1982-08-15','N'),(246,'HERBALLI0308','Mr','Herbert','M','Allison','','358-959-0308','hallison358@softbank.com','hallison@line.com','1580 Blue Gulch Avenue','','','','Tennyson','VIC','VIC FAR COUNTRY','AU','3572',-36.2833,144.4333,'hallison','hallison@skype.com','$2y$10$9MHhaFnny132ROtXZccN3uxL8bZaoGFXzU4mfs0GewOiwUX9OgiV.','M','1965-09-21','N'),(247,'DELIMICH9327','Ms','Delicia','D','Michael','','359-678-9327','dmichael359@maxcomm.com','dmichael@twitter.com','1114 Little Canyon Boulevard','','','','Benziane','Relizane','Relizane','DZ','48042',35.8281,0.7230,'dmichael','dmichael@google.com','$2y$10$w8yXJdWOgntVFYve5bd81.ZbUENYCEfEwZiL1nRc5HHo2k7iBDVQS','F','1968-02-22','N'),(248,'CRISCLAY7452','','Criselda','','Clayton','','360-162-7452','cclayton360@jio.com','','7209 Winding Bridge Way','','9','E1','Northeastern Saskatchewan (Creighton)','SK','Saskatchewan','CA','S0P',55.0162,-102.7415,'cclayton','','$2y$10$Pu6f6JhYZUEsIt6h5bjK9e1SRkIjgLLJcC4ljGRTGEDxqHM4Umza.','F','1989-12-29','Y'),(249,'MARTCOOK0097','Ms','Marth','A','Cook','','361-551-0097','mcook361@ntt.com','mcook@google.com','1561 Winding Mound Circle','','','','Saint-Denis','RE','Réunion','RE','97704 CEDEX 9',-20.8823,55.4504,'mcook','mcook@linkedin.com','$2y$10$DR4t3klZdU5UvToDy7zkAOGjWIfloKmgRhVvypt6Dvyv0qyD9US22','F','1973-02-11','N'),(250,'ADRIWOLF8498','Ms','Adrianne','X','Wolf','','362-109-8498','awolf362@ais.com','awolf@linkedin.com','4665 Big River Road','','','','South Upper Barrack','Scotland','Aberdeenshire','GB','AB41',57.3571,-2.2412,'awolf','awolf@facebook.com','$2y$10$ApNHVcFQMYzpf35UhjEpPebphNsi5nxNi6uUGEGNq.xNJ33VQyU/G','F','1980-08-22','N'),(251,'BOBBCRUZ4862','','Bobby','','Cruz','','363-274-4862','bcruz363@jio.com','','3543 Big Bend Drive','','','','Elpitiya','Galle','Galle','LK','80400',6.2908,80.1626,'bcruz','','$2y$10$qzq0zitKnGnn6St2idHn0.bIDe3Zx5Cwq5e0XUtjgnQEs53vSpzfK','M','1977-08-08','N'),(252,'LOLIROWL6072','Ms','Lolita','D','Rowland','','364-706-6072','lrowland364@ote.com','lrowland@google.com','2824 Green Bridge Circle','Building 56','','','Wallaceburg','ON','Ontario','CA','N8A',42.5930,-82.3885,'lrowland','lrowland@skype.com','$2y$10$6s7A.Cj4NPsycS/fd9I05uw6doPD6noVFju0v46kC2d703vq2N4Uu','F','1972-07-25','N'),(253,'EVELPERS3545','Ms','Eveline','C','Person','','365-200-3545','eperson365@ptcl.com','eperson@skype.com','5211 Long Bend Circle','','','','Habay Anlier','WAL','Luxembourg','BE','6721',49.7833,5.6167,'eperson','eperson@linkedin.com','$2y$10$.9IW9jTlYkOBY6d7x1buLe5sZLcSjGehu7OG18V/YEhxgMw/ryqby','F','1979-08-19','N'),(254,'RAYMVEGA3855','','Raymundo','','Vega','','366-116-3855','rvega366@telecom.com','','3807 Green River Boulevard','','','9A','Somerton','VIC','MELB NORTH WEST','AU','3062',-37.6500,144.9333,'rvega','','$2y$10$LNkhPMcOPi87BuIgSpHafu.VSHVPaXT4c//eq7NRkjCBXN17t.vpq','M','1944-09-14','N'),(255,'BROOWALL9630','Mr','Brooks','I','Waller','','367-690-9630','bwaller367@maxcomm.com','bwaller@line.com','2911 Little Ditch Drive','','','','Старые Айбеси','АЛАТЫРСКИЙ РАЙОН','АЛАТЫРСКИЙ РАЙОН','RU','429807',54.6672,46.3943,'bwaller','bwaller@google.com','$2y$10$H/uYZDDQwDz2QiZEr.6RC.7GNbvK.M7NWk4atAhCYBpdfubZPy9Lm','M','1948-11-10','N'),(256,'LAYNHALE1286','Ms','Layne','T','Haley','','368-773-1286','lhaley368@telecomitalia.com','lhaley@google.com','6827 Long Bend Street','','','','Garudeshwar','Nandod','Narmada','IN','393151',23.0190,73.6666,'lhaley','lhaley@facebook.com','$2y$10$W8dlNVFaMWrAz..tuyNVSuwkqyFaZevskAJ0Uy54abrsIzn7jl5VW','F','1932-07-10','Y'),(257,'SANDMCCO2259','','Sandy','','Mccormick','','369-517-2259','smccormi369@megafon.com','','5785 Green Bough Avenue','','5','','Randwijk','Overbetuwe','Overbetuwe','NL','6668',51.9509,5.7073,'smccormi','','$2y$10$OrWpXAtvXd1jtjtApw9Yju2HSP6qIue7K8qCw33iPqWIJk87BUNEy','M','1990-10-02','N'),(258,'CRISRAMI0385','Ms','Cristi','M','Ramirez','','370-300-0385','cramirez370@telekom.com','cramirez@facebook.com','5481 Winding Ditch Way','','','','Lynchat','Scotland','Highland','GB','PH21',57.1336,-3.9988,'cramirez','cramirez@line.com','$2y$10$cgHX7hsHq5RZGgGz8UP0c.v53ZfHmMMmy6uK8scbChRHSgh2xY6Se','F','1946-02-19','N'),(259,'WESTHUFF7908','Mr','Weston','B','Huff','','371-647-7908','whuff371@telefonica.com','whuff@facebook.com','8923 Little River Way','','','','Valdivia','Valdivia','Provincia de Valdivia','CL','5090000',-39.8178,-73.1751,'whuff','whuff@google.com','$2y$10$REJy8Mv0UguTkVj1OCPr7OLahL8p5AQMATvMmhyGm.iOj1frfkVsq','M','1987-01-14','N'),(260,'KIMPERS9506','','Kim','','Person','','372-928-9506','kperson372@telekom.com','','7280 Winding Ditch Road','','','2C','Redwood Falls','MN','Redwood','US','56283',44.5394,-95.1169,'kperson','','$2y$10$tfeCF6Mnd.tj6bQGMY0Z8ugZnf0EFG9.En22vCpwyNXXlpal9Pn92','M','1993-04-04','N'),(261,'BENNHERR1383','Mr','Bennett','E','Herrera','','373-074-1383','bherrera373@optus.com','bherrera@google.com','1943 Red Ridge Road','','','','Bung Sam Phan','Phetchabun','Phetchabun','TH','67160',15.7833,101.0333,'bherrera','bherrera@twitter.com','$2y$10$H8Vu1D5LcP8u/diOTkThA.jye.3feMaIF9K6wzu/q.iiBkopBjhyi','M','1968-07-13','N'),(262,'ALFRWEBS3966','Mr','Alfredo','G','Webster','','374-800-3966','awebster374@algonet.com','awebster@google.com','1596 Long Woods Road','','','','Winnipeg (St. James-Assiniboia SE)','MB','Winnipeg','CA','R3J',49.8966,-97.2404,'awebster','awebster@google.com','$2y$10$YxRnBxWhRDtz0VAV9pRmLOdM/8mDj/PSTr2VtLFv.Swqil1/YbLya','M','1963-01-14','N'),(263,'DARCMCCL3720','','Darcey','','Mcclain','','375-620-3720','dmcclain375@maxcomm.com','','3643 Long Mound Ride','','','','Karora','NWFP Peshawar','NWFP Peshawar','PK','19101',34.8867,72.7703,'dmcclain','','$2y$10$KiElFE9azHUWUfTpCb9Doe13iHESqn/7WTCJm0oxqXu1neD2oWh72','F','1933-10-06','N'),(264,'MARCWALS1543','Ms','Marcella','D','Walsh','','376-647-1543','mwalsh376@icom.com','mwalsh@line.com','8900 Red Ridge Street','','','','Tylers Green','England','Buckinghamshire','GB','HP10',51.5959,-0.6874,'mwalsh','mwalsh@google.com','$2y$10$PoAgFcGWTsbEoyz2IhdoW.YGezsiWd9G1lGkEgpCMM6rxrRTHbwR2','F','1939-11-02','Y'),(265,'CARICONR9045','Ms','Carita','L','Conrad','','377-933-9045','cconrad377@telekom.com','cconrad@twitter.com','4561 Big Ridge Ride','Building 06','','','Flatåsen','Trondheim','Trondheim','NO','7099',63.3806,10.3463,'cconrad','cconrad@google.com','$2y$10$Qhoy0g5hXq12Xw4mE/Mu0eY11GHSpt5Mq2gBYTOik05Ij5JJ/dMVK','F','1937-07-30','N'),(266,'FRANHERR0557','','Frank','','Herring','','378-385-0557','fherring378@oi.com','','2001 Big Gully Drive','','6','6A','New Orleans','LA','Orleans','US','70160',29.9546,-90.0751,'fherring','','$2y$10$m4wfI473kEc3oJv6AIEdTOLdWW22ziiCSMpzhmDZg4j6rFeaj79EO','M','1991-12-05','N'),(267,'RAVEMORR5362','Ms','Raven','O','Morris','','379-747-5362','rmorris379@lookdata.com','rmorris@facebook.com','5764 Blue Ditch Ride','','','','SANTA LUCIA MILPAS ALTAS','DEPTO DE SACATEPEQUEZ','DEPTO DE SACATEPEQUEZ','GT','3009',14.5758,-90.6786,'rmorris','rmorris@skype.com','$2y$10$xojPf88GX0P1fr8BlzwsU./jsXQ6iKQGlZ9O.yyE1E6x6x5DOsDhS','F','1977-10-26','N'),(268,'FAUSMATH3308','Ms','Faustina','U','Mathews','','380-772-3308','fmathews380@lguplus.com','fmathews@skype.com','435 Green River Way','','','','Whitchurch','England','Buckinghamshire','GB','HP22',51.8816,-0.8378,'fmathews','fmathews@linkedin.com','$2y$10$2aPhKO2LxcygC09UR00TBeHdGpkP3whH9oeH3QtannDCxoqk00zWC','F','1951-02-13','N'),(269,'CORNGENT4520','','Cornell','','Gentry','','381-440-4520','cgentry381@etisalat.com','','250 Long Gulch Way','','','','Ebeye','Ailinginae','Ailinginae','MH','96970',11.1405,166.4103,'cgentry','','$2y$10$7r6z7K9u3lyZnZB.upQxQeVtEjWdp65GWUW3W3qk8Vbdmb5YHJS4G','M','1978-02-26','N'),(270,'DARWSTUA9691','Mr','Darwin','E','Stuart','','382-871-9691','dstuart382@bce.com','dstuart@skype.com','5602 Winding Bend Drive','','','','Mantung','SA','South Australia','AU','5308',-34.6000,140.0667,'dstuart','dstuart@google.com','$2y$10$rdbws8WTJKDf9AAfkryda.EaFaGrGVjWvEqz3kRYfhxA1ne82OdaS','M','1987-04-21','N'),(271,'SARICUEV7948','Ms','Sari','F','Cuevas','','383-590-7948','scuevas383@bifty.com','scuevas@linkedin.com','9001 Long River Ride','','','','Spånga','AB','Stockholm','SE','163 75',59.3833,17.9167,'scuevas','scuevas@linkedin.com','$2y$10$dJl.IAxtEgN8/YdxxjJMoexFTJtBRP9hjOBxkvmeJ1RH/FBtw80iO','F','1966-02-25','N'),(272,'MARYTHOM0337','Dr','Marybelle','','Thomas','Sr','384-030-0337','mthomas384@ui.com','','7199 Long Ditch Boulevard','','','49','Newby','England','North Yorkshire','GB','LA2',54.1167,-2.4167,'mthomas','','$2y$10$qivKnUscXsFBlmyL11UBieFwEQvnpXhgZSMucmjwUCGeJ6ZWOGY26','F','1987-04-27','Y'),(273,'NELDGIBS8722','Ms','Nelda','T','Gibson','','385-868-8722','ngibson385@openworld.com','ngibson@linkedin.com','4245 Little Bend Circle','','','','Towakal Pur Pakhwal','Norhern Punajb Rawalpindi','Norhern Punajb Rawalpindi','PK','49601',32.9167,73.6917,'ngibson','ngibson@line.com','$2y$10$6ov8hGb1bR7UvAjAt7hI.usomWmMVVgFSNoNeAV7yaXbwe86Z1TDa','F','1999-12-12','N'),(274,'DORSNEWT3346','Mr','Dorsey','L','Newton','','386-598-3346','dnewton386@telus.com','dnewton@skype.com','334 Long Bridge Drive','','','','Kodurupaka','NA','Karim Nagar','IN','505185',18.0558,79.6444,'dnewton','dnewton@twitter.com','$2y$10$GtqqoajCodQJRncpcXh1HuEJ224XQOA6MmfAmMltrKAwialyUhytO','M','1939-07-13','N'),(275,'EVELPENN6039','','Eveline','','Pennington','','387-195-6039','epenning387@lookdata.com','','6185 Big Canyon Drive','','14','','Longyearbyen','Spitsbergen','Spitsbergen','SJ','9171',78.2233,15.6469,'epenning','','$2y$10$mifhFS1sEEo9jIzKzf3BJuJX4pJYBg6ZYY9mVLA7wJ1YOTapjgB5m','F','1961-06-27','N'),(276,'DEMADICK0710','Mr','Demarcus','V','Dickerson','','388-214-0710','ddickers388@telenor.com','ddickers@twitter.com','5847 Red Hill Ride','','','','Bhulon','Baran','Baran','IN','325220',24.6396,76.9671,'ddickers','ddickers@facebook.com','$2y$10$xthYhT7zwNXzbBZ9hclvvuVE54moL9pDPjTdLG5OpKUvTCSoNbEuq','M','1983-11-04','N'),(277,'BRADGREE0376','Mr','Bradley','T','Greene','','389-356-0376','bgreene389@telia.com','bgreene@twitter.com','3918 Green River Ride','','','','Bouhlel','Setif','Setif','DZ','19015',36.1355,5.4506,'bgreene','bgreene@facebook.com','$2y$10$TCsTn87rHYMp64DS5BjMkOlc5szymkVgS.byOqLQA.qdnYu1FQYF.','M','1977-03-16','N'),(278,'BILLBOYE9395','','Billy','','Boyer','','390-554-9395','bboyer390@bce.com','','6698 Red Mound Road','Building 0A','','C4','Tulsipur Majha','Tarabganj','Gonda','IN','271303',26.7598,82.0328,'bboyer','','$2y$10$N1XLreUI59hBKDv/eyGLSuw5v8lq/A4aIAQcFmWBr3LvLGPq7nZvm','M','1955-01-11','N'),(279,'JAMIACEV9140','Ms','Jamila','C','Acevedo','','391-738-9140','jacevedo391@telus.com','jacevedo@line.com','8108 Short Bend Boulevard','','','','Dürnberg','Seckau','Politischer Bezirk Murtal','AT','8720',47.2833,14.7833,'jacevedo','jacevedo@linkedin.com','$2y$10$hsfDrrCOIjmQ00hKNq1DX.gqAho7GGkXrkAx7DcWjvY3hINTu1T.S','F','1946-06-21','N'),(280,'SHERFLET4771','Ms','Sherry','A','Fletcher','','392-297-4771','sfletche392@telus.com','sfletche@google.com','2454 Long Hill Street','','','','Dadswells Bridge','VIC','VIC FAR COUNTRY','AU','3385',-36.9000,142.5167,'sfletche','sfletche@linkedin.com','$2y$10$PNaKVSjkBFTcHFK3.Ks8MuCxk8vw5Kj8P1MmtBE/M857LNobj2daW','F','1940-03-18','Y'),(281,'LOIDMCLA8027','','Loida','','Mclaughlin','','393-725-8027','lmclaugh393@apicnet.com','','9683 Red Mound Circle','','','','Vale','Guernsey Channel Islands','Guernsey Channel Islands','GG','GY3',49.4500,-2.6000,'lmclaugh','','$2y$10$w.y4X.ZjCy0qRdVG8ykMr.tcqNuuenMLHY1NRyndKKMzH/9sD.MNq','F','1964-04-02','N'),(282,'WILEMARS4161','Mr','Wiley','Z','Marshall','','394-034-4161','wmarshal394@telenor.com','wmarshal@twitter.com','1928 Little Tree Avenue','','','','Kookynie','WA','KALGOORLIE','AU','6431',-29.3317,121.4925,'wmarshal','wmarshal@linkedin.com','$2y$10$S0HyWUOBN0JuIiC8odFshe1sbJYH16szClK33JUB6jSNCTaFTC.yy','M','1948-10-14','N'),(283,'BERNSOLO9831','Mr','Bernard','A','Solomon','','395-158-9831','bsolomon395@nordnet.com','bsolomon@skype.com','4183 Green Gulch Avenue','','','','Għasri','L-Għasri','L-Għasri','MT','GSR',36.0653,14.2217,'bsolomon','bsolomon@line.com','$2y$10$1.ST54lYG5bXj7LiI/b.Cev74ELvqOqRpbhppRcTGcAeRG3VaI1Ue','M','1984-12-02','N'),(284,'HOMEHUBE7208','','Homer','','Huber','','396-855-7208','hhuber396@unicom.com','','383 Blue Tree Avenue','','6','55','Nerong','NSW','HUNTER','AU','2423',-32.5235,152.1982,'hhuber','','$2y$10$pP4cKfUeyxaT5lYYKDxvBuDCNLfMi6JwQhPD.ALEq2iBfK7TNE5Ji','M','1949-02-23','N'),(285,'BONNBARN3577','Ms','Bonny','W','Barnes','','398-259-3577','bbarnes398@algonet.com','bbarnes@skype.com','9365 Green Bough Drive','','','','Wincle','England','Cheshire','GB','SK11',53.1996,-2.0421,'bbarnes','bbarnes@google.com','$2y$10$1IAgIPF/jbfYv7P0ZwUtReNoz1LATC/AudWwGb1IOpklHwzL65ZVe','F','1964-09-21','N'),(286,'ELIJPATE2359','','Elijah','','Patel','','399-913-2359','epatel399@openworld.com','','6004 Long Bridge Street','','','','Iracoubo','GF','Guyane','GF','97350',5.4787,-53.2052,'epatel','','$2y$10$UtfC2PKuPnxi54RYZVbZ8OiqxH8u8HYrpTQtXWcSaTfTopahpLxLG','M','1996-08-29','N');
/*!40000 ALTER TABLE `users` ENABLE KEYS */;
UNLOCK TABLES;
/*!40103 SET TIME_ZONE=@OLD_TIME_ZONE */;

/*!40101 SET SQL_MODE=@OLD_SQL_MODE */;
/*!40014 SET FOREIGN_KEY_CHECKS=@OLD_FOREIGN_KEY_CHECKS */;
/*!40014 SET UNIQUE_CHECKS=@OLD_UNIQUE_CHECKS */;
/*!40101 SET CHARACTER_SET_CLIENT=@OLD_CHARACTER_SET_CLIENT */;
/*!40101 SET CHARACTER_SET_RESULTS=@OLD_CHARACTER_SET_RESULTS */;
/*!40101 SET COLLATION_CONNECTION=@OLD_COLLATION_CONNECTION */;
/*!40111 SET SQL_NOTES=@OLD_SQL_NOTES */;

-- Dump completed on 2020-10-25  6:58:46
