"Fred",  "2021-06-01 11:11:11"
"Fred",  "2021-06-01 02:22:22"
"Betty", "2021-06-03 03:33:33"
"Fred",  "2021-06-11 11:11:11"
"Barney","2021-06-03 03:33:33"
"Betty", "2021-06-01 11:11:11"
"Betty", "2021-06-11 11:11:11"
"Barney","2021-06-01 11:11:11"
"Fred",  "2021-06-11 02:22:22"
"Wilma", "2021-06-01 11:11:11"
"Betty", "2021-06-13 03:33:33"
"Fred",  "2021-06-21 11:11:11"
"Betty", "2021-06-21 11:11:11"
"Barney","2021-06-13 03:33:33"
"Betty", "2021-06-23 03:33:33"
"Barney","2021-06-11 11:11:11"
"Barney","2021-06-21 11:11:11"
"Fred",  "2021-06-21 02:22:22"
"Barney","2021-06-23 03:33:33"
"Wilma", "2021-06-21 11:11:11"
"Wilma", "2021-06-11 11:11:11"
